Workbook
Name Dilimleyici_Kazı_Boyu_için_Kullan: #N/A
Name Dilimleyici_Ø_14__lük_Zemin_Çivisi: #N/A
Name Dilimleyici_Ø_26__lık_Zemin_Çivisi: #N/A
Name Dilimleyici_Tip: #N/A
Name Dilimleyici_Tip1: #N/A
Name Dilimleyici_Tip11: #N/A
Name Dilimleyici_Tutanak_Genel_No__Elle: #N/A
Name Dilimleyici_Tutanak_Genel_No__Elle1: #N/A
Name Dilimleyici_Tutanak_Genel_No__Elle2: #N/A
Name Dilimleyici_Tutanak_Genel_No__Elle3: #N/A
Name Dilimleyici_Tutanak_Özel_No__Elle: #N/A
Name Dilimleyici_Tutanak_Özel_No__Elle1: #N/A
Name Dilimleyici_Tutanak_Özel_No__Elle11: #N/A
Name Dilimleyici_Tutanak_Özel_No__Elle2: #N/A
Name Dilimleyici_Umbrella_Arch: #N/A
Name Dilimleyici_Yeri: #N/A
Name Dilimleyici_Yeri1: #N/A
Name Dilimleyici_Yeri11: #N/A

Sheet TUTANAK
A2: TUTANAK
L3: Tutanak Tarihi-1 | M3: {=+TEXT(MIN(IF(DATA!A:A=D6,DATA!L:L)),"gg.aa.yyyy")} -> 08.04.2026
A4: Tutanak Konusu | C4: : | D4: =+DATA!F3&" "&DATA!G3&" "&DATA!I3&" ("&DATA!J3&") "&" '"&DATA!H3&"' Tipi Tünel İmalatları" -> S06-Barbaros İstasyonu Hat-2 Bağlantı -2 P2 Yönü (Alt Yarı) 'B1' Tipi Tünel İmalatları | L4: Tutanak Tarihi-2 | M4: {=+TEXT(MAX(IF(DATA!A:A=D6,DATA!L:L)),"gg.aa.yyyy")} -> 08.04.2026
A6: Tutanak No | B6: Genel | C6: : | D6: 2026.04-010 | J6: Elle
B7: Özel | C7: : | D7: S06.H2.B1.BAĞ2-P2.-A-002 | J7: Elle
A8: Tutanak Tarihi | C8: : | D8: 46142 | J8: Elle
A9: Tutanak Konusu | C9: : | D9: NATM Tünel İmalatı
A10: Tutanak Ekleri | C10: :
D11: =+IF(BULON!C15<>0,TUTANAK!D10+1,TUTANAK!D10) -> 1 | E11: Bulon İcmali
D12: =+IF('UMBRELLA ARCH'!D16<>0,TUTANAK!D11+1,TUTANAK!D11) -> 1 | E12: Umbrella Arch İcmali
A16: İşin Adı | C16: : | D16: Kirazlı-Halkalı Üniversite Metro Hattı İnşaat Ve Elektromekanik İşler İle M1 Hattı Elektromekanik Sistemleri Yapım İşi
A19: Yüklenicinin Adı | C19: : | D19: Kalyon-Özgün Metro İnşaatı Adi Ortaklığı Ticari İşletmesi
A20: Sözleşme Tarihi | C20: : | D20: 45639
A21: İşe Başlama Tarihi | C21: : | D21: 45653
A22: Sözleşmeye Göre İşin Süresi | C22: : | D22: 1440 Gün
A23: Sözleşmeye Göre İşin Bitiş Tarihi | C23: : | D23: 47093
A25: =+"'Kirazlı-Halkalı Üniversite Metro Hattı İnşaat Ve Elektromekanik İşler İle M1 Hattı Elektromekanik Sistemleri Yapım İşi' İşinde NATM Tünellerin yapımı sırasında "&M3&" - "&M4&" tarihleri arasında Şartnamesine uygun olarak yapılan imalatlar ekli tablolarda belirtilmiştir." -> 'Kirazlı-Halkalı Üniversite Metro Hattı İnşaat Ve Elektromekanik İşler İle M1 Hattı Elektromekanik Sistemleri Yapım İşi' İşinde NATM Tünellerin yapımı sırasında 08.04.2026 - 08.04.2026 tarihleri arasında Şartnamesine uygun olarak yapılan imalatlar ekli tablolarda belirtilmiştir.
A29: =+"İş bu tutanak "&TEXT(D8,"gg.aa.yyyy")&" tarihinde taraflarca 6 nüsha olarak imzalanmıştır." -> İş bu tutanak 30.04.2026 tarihinde taraflarca 6 nüsha olarak imzalanmıştır.

Sheet KAZI-İKSA
A2: KİRAZLI-HALKALI ÜNİVERSİTE METRO HATTI İNŞAAT VE ELEKTROMEKANİK İŞLER İLE
A3: M1 HATTI ELEKTROMEKANİK SİSTEMLERİ YAPIM İŞİ
A4: =+"İKSA, PÜSKÜRTME BETONU VE HASIR ÇELİK İCMALİ (" & TUTANAK!$M$3& "-"& TUTANAK!$M$4& ")" -> İKSA, PÜSKÜRTME BETONU VE HASIR ÇELİK İCMALİ (08.04.2026-08.04.2026)
A5: =+DATA!H3 -> B1
H6: Tutanak Ek No: | I6: =+TUTANAK!$D$10 -> 0
A7: İmalatın Yeri: | B7: =+DATA!$F$3&" "&DATA!$G$3&" "&DATA!$H$3&" Tüneli "&DATA!$I$3&" ("&DATA!$J$3&")" -> S06-Barbaros İstasyonu Hat-2 B1 Tüneli Bağlantı -2 P2 Yönü (Alt Yarı)
A8: Tutanak Genel No: | B8: =+TUTANAK!$D$6 -> 2026.04-010
A9: Tutanak Özel No: | B9: =+TUTANAK!$D$7 -> S06.H2.B1.BAĞ2-P2.-A-002
A10: Tutanak Tarihi: | B10: =+TUTANAK!$D$8 -> 46142
A13: ATF No | B13: Tarih | C13: Kilometre | D13: Çelik Hasır | E13: Püskürtme Betonu | F13: İksa Tipi | G13: Geçici İnvert Çelik İksa HEB160 | H13: Kalıcı Çelik İksa HEB200
A14: KDO-NATM-S06-883 | B14: 46047 | C14: 49.69 | D14: Q377/377-Çift Kat | E14: 30 cm atıldı | F14: Umbrella-6 | G14: 1
A15: KDO-NATM-S06-883 | B15: 46047 | C15: 50.44 | D15: Q377/377-Çift Kat | E15: 30 cm atıldı | F15: Umbrella-5 | G15: 1
A16: KDO-NATM-S06-883 | B16: 46047 | C16: 51.19 | D16: Q377/377-Çift Kat | E16: 30 cm atıldı | F16: Umbrella-4 | G16: 1
A17: KDO-NATM-S06-883 | B17: 46047 | C17: 51.94 | D17: Q377/377-Çift Kat | E17: 30 cm atıldı | F17: Umbrella-3 | G17: 1
A18: KDT-NATM-S06-890 | B18: 46048 | C18: 52.69 | D18: Q377/377-Çift Kat | E18: 30 cm atıldı | F18: Umbrella-2 | G18: 1
A19: KDT-NATM-S06-890 | B19: 46048 | C19: 53.44 | D19: Q377/377-Çift Kat | E19: 30 cm atıldı | F19: Umbrella-1 | G19: 1
A20: KDT-NATM-S06-890 | B20: 46048 | C20: 54.19 | D20: Q377/377-Çift Kat | E20: 30 cm atıldı | F20: Umbrella-6 | G20: 1
A21: KDT-NATM-S06-890 | B21: 46048 | C21: 54.94 | D21: Q377/377-Çift Kat | E21: 30 cm atıldı | F21: Umbrella-5 | G21: 1
A22: KDT-NATM-S06-899 | B22: 46049 | C22: 55.69 | D22: Q377/377-Çift Kat | E22: 30 cm atıldı | F22: Umbrella-4 | G22: 1
A23: KDT-NATM-S06-899 | B23: 46049 | C23: 56.19 | D23: Q377/377-Çift Kat | E23: 30 cm atıldı | F23: Umbrella-3 | G23: 1
A24: KDT-NATM-S06-899 | B24: 46049 | C24: 56.69 | D24: Q377/377-Çift Kat | E24: 30 cm atıldı | F24: Umbrella-2 | G24: 1
A25: Genel Toplam | G25: 11

Sheet BULON
C2: KİRAZLI-HALKALI ÜNİVERSİTE METRO HATTI İNŞAAT VE ELEKTROMEKANİK İŞLER İLE
C3: M1 HATTI ELEKTROMEKANİK SİSTEMLERİ YAPIM İŞİ
C4: =+"BULON İCMALİ (" & TUTANAK!$M$3& "-"& TUTANAK!$M$4& ")" -> BULON İCMALİ (08.04.2026-08.04.2026)
C5: P1
H6: Tutanak Ek No: | I6: =+TUTANAK!$D$11 -> 1
C7: İmalatın Yeri: | D7: =+DATA!$F$3&" "&DATA!$G$3&" "&DATA!$H$3&" Tüneli "&DATA!$I$3&" ("&DATA!$J$3&")" -> S06-Barbaros İstasyonu Hat-2 B1 Tüneli Bağlantı -2 P2 Yönü (Alt Yarı)
C8: Tutanak Genel No: | D8: =+TUTANAK!$D$6 -> 2026.04-010
C9: Tutanak Özel No: | D9: =+TUTANAK!$D$7 -> S06.H2.B1.BAĞ2-P2.-A-002
C10: Tutanak Tarihi: | D10: =+TUTANAK!$D$8 -> 46142
C13: ATF No | D13: Tarih | E13: Kilometre | F13: 4 mt Kaya Bulonu (adet) | G13: 6 mt Kaya Bulonu (adet) | H13: 8 mt Kaya Bulonu (adet)
C14: TBT-NATM-S06-251 | D14: 46120 | E14: 57 | H14: 20
C15: Genel Toplam (adet) | H15: 20

Sheet UMBRELLA ARCH
C2: KİRAZLI-HALKALI ÜNİVERSİTE METRO HATTI İNŞAAT VE ELEKTROMEKANİK İŞLER İLE
C3: M1 HATTI ELEKTROMEKANİK SİSTEMLERİ YAPIM İŞİ
C4: =+"UMBRELLA ARCH İCMALİ (" & TUTANAK!$M$3& "-"& TUTANAK!$M$4& ")" -> UMBRELLA ARCH İCMALİ (08.04.2026-08.04.2026)
C5: P1
G6: Tutanak Ek No: | H6: =+TUTANAK!$D$12 -> 1
D7: İmalatın Yeri: | E7: =+DATA!$F$3&" "&DATA!$G$3&" "&DATA!$H$3&" Tüneli "&DATA!$I$3&" ("&DATA!$J$3&")" -> S06-Barbaros İstasyonu Hat-2 B1 Tüneli Bağlantı -2 P2 Yönü (Alt Yarı)
D8: Tutanak Genel No: | E8: =+TUTANAK!$D$6 -> 2026.04-010
D9: Tutanak Özel No: | E9: =+TUTANAK!$D$7 -> S06.H2.B1.BAĞ2-P2.-A-002
D10: Tutanak Tarihi: | E10: =+TUTANAK!$D$8 -> 46142
D14: ATF No | E14: Tarih | F14: Kilometre | G14: Umbrella Arch (metre)
D15: Genel Toplam (metre)

Sheet ZEMİN ÇİVİSİ
C2: KİRAZLI-HALKALI ÜNİVERSİTE METRO HATTI İNŞAAT VE ELEKTROMEKANİK İŞLER İLE
C3: M1 HATTI ELEKTROMEKANİK SİSTEMLERİ YAPIM İŞİ
C4: =+"ZEMİN ÇİVİSİ İCMALİ (" & TUTANAK!$M$3& "-"& TUTANAK!$M$4& ")" -> ZEMİN ÇİVİSİ İCMALİ (08.04.2026-08.04.2026)
C5: P1
G6: Tutanak Ek No: | H6: =+TUTANAK!$D$13 -> 0
C7: İmalatın Yeri: | D7: =+DATA!$F$3&" "&DATA!$G$3&" "&DATA!$H$3&" Tüneli "&DATA!$I$3&" ("&DATA!$J$3&")" -> S06-Barbaros İstasyonu Hat-2 B1 Tüneli Bağlantı -2 P2 Yönü (Alt Yarı)
C8: Tutanak Genel No: | D8: =+TUTANAK!$D$6 -> 2026.04-010
C9: Tutanak Özel No: | D9: =+TUTANAK!$D$7 -> S06.H2.B1.BAĞ2-P2.-A-002
C10: Tutanak Tarihi: | D10: =+TUTANAK!$D$8 -> 46142
C13: ATF No | D13: Tarih | E13: Kilometre | F13: Ø 14 'lük Zemin Çivisi (metre) | G13: Ø 26 'lık Zemin Çivisi (metre)
C14: Genel Toplam (metre)

Sheet AYNA
A2: KİRAZLI-HALKALI ÜNİVERSİTE METRO HATTI İNŞAAT VE ELEKTROMEKANİK İŞLER İLE
A3: M1 HATTI ELEKTROMEKANİK SİSTEMLERİ YAPIM İŞİ
A4: =+"AYNA İCMALİ (" & TUTANAK!$M$3& "-"& TUTANAK!$M$4& ")" -> AYNA İCMALİ (08.04.2026-08.04.2026)
A5: P1
G6: Tutanak Ek No: | H6: =+TUTANAK!$D$14 -> 0
A7: İmalatın Yeri: | C7: =+DATA!$F$3&" "&DATA!$G$3&" "&DATA!$H$3&" Tüneli "&DATA!$I$3&" ("&DATA!$J$3&")" -> S06-Barbaros İstasyonu Hat-2 B1 Tüneli Bağlantı -2 P2 Yönü (Alt Yarı)
A8: Tutanak Genel No: | C8: =+TUTANAK!$D$6 -> 2026.04-010
A9: Tutanak Özel No: | C9: =+TUTANAK!$D$7 -> S06.H2.B1.BAĞ2-P2.-A-002
A10: Tutanak Tarihi: | C10: =+TUTANAK!$D$8 -> 46142
B13: AYNA İMALATLARI
A14: Sıra No | C14: Km | D14: Yeri | F14: Çelik Hasır | G14: Püskürtme Betonu
A15: 1 | C15: 49.69 | D15: Üst Yarı | E15: 6 | F15: Q377/377 Çift Kat | G15: 30 cm atıldı

Sheet DATA
A1: Tutanak Genel No (Elle) | B1: Tutanak Özel No (Elle) | C1: Kazı Boyu için Kullan | D1: Ödeme | E1: Tip | F1: Şantiye Adı Yeri | G1: Tünel Adı | H1: Tünel Tipi | I1: Aşama | J1: Yeri | K1: ATF No | L1: Tarih | M1: Kilometre | N1: Açıklama | O1: Açıklama-2 | P1: Kazı | Q1: Çelik Hasır | R1: Püskürtme Betonu | S1: Çelik İksa HEB160 | T1: Çelik İksa HEB200 | U1: S | V1: Umbrella Arch | W1: Boru Süren | X1: S | Y1: 3 mt Kaya Bulonu | Z1: 4 mt Kaya Bulonu | AA1: 5 mt Kaya Bulonu | AB1: 6 mt Kaya Bulonu | AC1: 8 mt Kaya Bulonu | AD1: S | AE1: Ø 14 'lük Zemin Çivisi | AF1: Ø 26 'lık Zemin Çivisi | AG1: Pah Donatısı
A2: 2026.01-017 | B2: S06.H2.B1.BAĞ2-P2.-A-001 | C2: =AND(A2=[1]TUTANAK!$D$6,P2="Tamamlandı") -> FALSE | E2: =+IF(OR(P2<>""),"KAZI-PÜS-H.ÇELİK",IF(AND(SUM(V2:W2)>0,SUM(AE2:AF2)=0),"SÜREN",IF(SUM(Y2:AC2)>0,"BULON",IF(SUM(AE2:AF2)>0,"ZEMİN ÇİVİSİ")))) -> FALSE | F2: S06-Barbaros İstasyonu | G2: Hat-2 | H2: B1 | I2: Bağlantı -2 P2 Yönü | J2: Alt Yarı | K2: TBT-NATM-S06-141 | L2: 46046 | M2: 57
A3: 2026.01-017 | B3: S06.H2.B1.BAĞ2-P2.-A-001 | C3: =AND(A3=[2]TUTANAK!$D$6,P3="Tamamlandı") -> FALSE | E3: =+IF(OR(P3<>""),"KAZI-PÜS-H.ÇELİK",IF(AND(SUM(V3:W3)>0,SUM(AE3:AF3)=0),"SÜREN",IF(SUM(Y3:AC3)>0,"BULON",IF(SUM(AE3:AF3)>0,"ZEMİN ÇİVİSİ")))) -> KAZI-PÜS-H.ÇELİK | F3: S06-Barbaros İstasyonu | G3: Hat-2 | H3: B1 | I3: Bağlantı -2 P2 Yönü | J3: Alt Yarı | K3: KDT-NATM-S06-899 | L3: 46049 | M3: 56.69 | N3: KALICI | O3: Umbrella-2 | P3: Tamamlandı | Q3: Q377/377-Çift Kat | R3: 30 cm atıldı | S3: 1
A4: 2026.01-017 | B4: S06.H2.B1.BAĞ2-P2.-A-001 | C4: =AND(A4=[2]TUTANAK!$D$6,P4="Tamamlandı") -> FALSE | E4: =+IF(OR(P4<>""),"KAZI-PÜS-H.ÇELİK",IF(AND(SUM(V4:W4)>0,SUM(AE4:AF4)=0),"SÜREN",IF(SUM(Y4:AC4)>0,"BULON",IF(SUM(AE4:AF4)>0,"ZEMİN ÇİVİSİ")))) -> KAZI-PÜS-H.ÇELİK | F4: S06-Barbaros İstasyonu | G4: Hat-2 | H4: B1 | I4: Bağlantı -2 P2 Yönü | J4: Alt Yarı | K4: KDT-NATM-S06-899 | L4: 46049 | M4: 56.19 | N4: KALICI | O4: Umbrella-3 | P4: Tamamlandı | Q4: Q377/377-Çift Kat | R4: 30 cm atıldı | S4: 1
A5: 2026.01-017 | B5: S06.H2.B1.BAĞ2-P2.-A-001 | C5: =AND(A5=[2]TUTANAK!$D$6,P5="Tamamlandı") -> FALSE | E5: =+IF(OR(P5<>""),"KAZI-PÜS-H.ÇELİK",IF(AND(SUM(V5:W5)>0,SUM(AE5:AF5)=0),"SÜREN",IF(SUM(Y5:AC5)>0,"BULON",IF(SUM(AE5:AF5)>0,"ZEMİN ÇİVİSİ")))) -> KAZI-PÜS-H.ÇELİK | F5: S06-Barbaros İstasyonu | G5: Hat-2 | H5: B1 | I5: Bağlantı -2 P2 Yönü | J5: Alt Yarı | K5: KDT-NATM-S06-899 | L5: 46049 | M5: 55.69 | N5: KALICI | O5: Umbrella-4 | P5: Tamamlandı | Q5: Q377/377-Çift Kat | R5: 30 cm atıldı | S5: 1
A6: 2026.01-017 | B6: S06.H2.B1.BAĞ2-P2.-A-001 | C6: =AND(A6=[2]TUTANAK!$D$6,P6="Tamamlandı") -> FALSE | E6: =+IF(OR(P6<>""),"KAZI-PÜS-H.ÇELİK",IF(AND(SUM(V6:W6)>0,SUM(AE6:AF6)=0),"SÜREN",IF(SUM(Y6:AC6)>0,"BULON",IF(SUM(AE6:AF6)>0,"ZEMİN ÇİVİSİ")))) -> KAZI-PÜS-H.ÇELİK | F6: S06-Barbaros İstasyonu | G6: Hat-2 | H6: B1 | I6: Bağlantı -2 P2 Yönü | J6: Alt Yarı | K6: KDT-NATM-S06-890 | L6: 46048 | M6: 54.94 | N6: KALICI | O6: Umbrella-5 | P6: Tamamlandı | Q6: Q377/377-Çift Kat | R6: 30 cm atıldı | S6: 1
A7: 2026.01-017 | B7: S06.H2.B1.BAĞ2-P2.-A-001 | C7: =AND(A7=[2]TUTANAK!$D$6,P7="Tamamlandı") -> FALSE | E7: =+IF(OR(P7<>""),"KAZI-PÜS-H.ÇELİK",IF(AND(SUM(V7:W7)>0,SUM(AE7:AF7)=0),"SÜREN",IF(SUM(Y7:AC7)>0,"BULON",IF(SUM(AE7:AF7)>0,"ZEMİN ÇİVİSİ")))) -> KAZI-PÜS-H.ÇELİK | F7: S06-Barbaros İstasyonu | G7: Hat-2 | H7: B1 | I7: Bağlantı -2 P2 Yönü | J7: Alt Yarı | K7: KDT-NATM-S06-890 | L7: 46048 | M7: 54.19 | N7: KALICI | O7: Umbrella-6 | P7: Tamamlandı | Q7: Q377/377-Çift Kat | R7: 30 cm atıldı | S7: 1
A8: 2026.01-017 | B8: S06.H2.B1.BAĞ2-P2.-A-001 | C8: =AND(A8=[2]TUTANAK!$D$6,P8="Tamamlandı") -> FALSE | E8: =+IF(OR(P8<>""),"KAZI-PÜS-H.ÇELİK",IF(AND(SUM(V8:W8)>0,SUM(AE8:AF8)=0),"SÜREN",IF(SUM(Y8:AC8)>0,"BULON",IF(SUM(AE8:AF8)>0,"ZEMİN ÇİVİSİ")))) -> KAZI-PÜS-H.ÇELİK | F8: S06-Barbaros İstasyonu | G8: Hat-2 | H8: B1 | I8: Bağlantı -2 P2 Yönü | J8: Alt Yarı | K8: KDT-NATM-S06-890 | L8: 46048 | M8: 53.44 | N8: KALICI | O8: Umbrella-1 | P8: Tamamlandı | Q8: Q377/377-Çift Kat | R8: 30 cm atıldı | S8: 1
A9: 2026.01-017 | B9: S06.H2.B1.BAĞ2-P2.-A-001 | C9: =AND(A9=[2]TUTANAK!$D$6,P9="Tamamlandı") -> FALSE | E9: =+IF(OR(P9<>""),"KAZI-PÜS-H.ÇELİK",IF(AND(SUM(V9:W9)>0,SUM(AE9:AF9)=0),"SÜREN",IF(SUM(Y9:AC9)>0,"BULON",IF(SUM(AE9:AF9)>0,"ZEMİN ÇİVİSİ")))) -> KAZI-PÜS-H.ÇELİK | F9: S06-Barbaros İstasyonu | G9: Hat-2 | H9: B1 | I9: Bağlantı -2 P2 Yönü | J9: Alt Yarı | K9: KDT-NATM-S06-890 | L9: 46048 | M9: 52.69 | N9: KALICI | O9: Umbrella-2 | P9: Tamamlandı | Q9: Q377/377-Çift Kat | R9: 30 cm atıldı | S9: 1
A10: 2026.01-017 | B10: S06.H2.B1.BAĞ2-P2.-A-001 | C10: =AND(A10=[2]TUTANAK!$D$6,P10="Tamamlandı") -> FALSE | E10: =+IF(OR(P10<>""),"KAZI-PÜS-H.ÇELİK",IF(AND(SUM(V10:W10)>0,SUM(AE10:AF10)=0),"SÜREN",IF(SUM(Y10:AC10)>0,"BULON",IF(SUM(AE10:AF10)>0,"ZEMİN ÇİVİSİ")))) -> KAZI-PÜS-H.ÇELİK | F10: S06-Barbaros İstasyonu | G10: Hat-2 | H10: B1 | I10: Bağlantı -2 P2 Yönü | J10: Alt Yarı | K10: KDO-NATM-S06-883 | L10: 46047 | M10: 51.94 | N10: KALICI | O10: Umbrella-3 | P10: Tamamlandı | Q10: Q377/377-Çift Kat | R10: 30 cm atıldı | S10: 1
A11: 2026.01-017 | B11: S06.H2.B1.BAĞ2-P2.-A-001 | C11: =AND(A11=[2]TUTANAK!$D$6,P11="Tamamlandı") -> FALSE | E11: =+IF(OR(P11<>""),"KAZI-PÜS-H.ÇELİK",IF(AND(SUM(V11:W11)>0,SUM(AE11:AF11)=0),"SÜREN",IF(SUM(Y11:AC11)>0,"BULON",IF(SUM(AE11:AF11)>0,"ZEMİN ÇİVİSİ")))) -> KAZI-PÜS-H.ÇELİK | F11: S06-Barbaros İstasyonu | G11: Hat-2 | H11: B1 | I11: Bağlantı -2 P2 Yönü | J11: Alt Yarı | K11: KDO-NATM-S06-883 | L11: 46047 | M11: 51.19 | N11: KALICI | O11: Umbrella-4 | P11: Tamamlandı | Q11: Q377/377-Çift Kat | R11: 30 cm atıldı | S11: 1
A12: 2026.01-017 | B12: S06.H2.B1.BAĞ2-P2.-A-001 | C12: =AND(A12=[2]TUTANAK!$D$6,P12="Tamamlandı") -> FALSE | E12: =+IF(OR(P12<>""),"KAZI-PÜS-H.ÇELİK",IF(AND(SUM(V12:W12)>0,SUM(AE12:AF12)=0),"SÜREN",IF(SUM(Y12:AC12)>0,"BULON",IF(SUM(AE12:AF12)>0,"ZEMİN ÇİVİSİ")))) -> KAZI-PÜS-H.ÇELİK | F12: S06-Barbaros İstasyonu | G12: Hat-2 | H12: B1 | I12: Bağlantı -2 P2 Yönü | J12: Alt Yarı | K12: KDO-NATM-S06-883 | L12: 46047 | M12: 50.44 | N12: KALICI | O12: Umbrella-5 | P12: Tamamlandı | Q12: Q377/377-Çift Kat | R12: 30 cm atıldı | S12: 1
A13: 2026.01-017 | B13: S06.H2.B1.BAĞ2-P2.-A-001 | C13: =AND(A13=[2]TUTANAK!$D$6,P13="Tamamlandı") -> FALSE | E13: =+IF(OR(P13<>""),"KAZI-PÜS-H.ÇELİK",IF(AND(SUM(V13:W13)>0,SUM(AE13:AF13)=0),"SÜREN",IF(SUM(Y13:AC13)>0,"BULON",IF(SUM(AE13:AF13)>0,"ZEMİN ÇİVİSİ")))) -> KAZI-PÜS-H.ÇELİK | F13: S06-Barbaros İstasyonu | G13: Hat-2 | H13: B1 | I13: Bağlantı -2 P2 Yönü | J13: Alt Yarı | K13: KDO-NATM-S06-883 | L13: 46047 | M13: 49.69 | N13: KALICI | O13: Umbrella-6 | P13: Tamamlandı | Q13: Q377/377-Çift Kat | R13: 30 cm atıldı | S13: 1
A15: 2026.01-017 | B15: S06.H2.B1.BAĞ2-P2.-A-001 | C15: =AND(A15=[2]TUTANAK!$D$6,P15="Tamamlandı") -> FALSE | E15: =+IF(OR(P15<>""),"KAZI-PÜS-H.ÇELİK",IF(AND(SUM(V15:W15)>0,SUM(AE15:AF15)=0),"SÜREN",IF(SUM(Y15:AC15)>0,"BULON",IF(SUM(AE15:AF15)>0,"ZEMİN ÇİVİSİ")))) -> FALSE | F15: S06-Barbaros İstasyonu | G15: Hat-2 | H15: B1 | I15: Bağlantı -2 P2 Yönü | J15: Alt Yarı | K15: TBT-NATM-S06-141 | L15: 46046 | M15: 56.44
A16: 2026.01-017 | B16: S06.H2.B1.BAĞ2-P2.-A-001 | C16: FALSE | E16: =+IF(OR(P16<>""),"KAZI-PÜS-H.ÇELİK",IF(AND(SUM(V16:W16)>0,SUM(AE16:AF16)=0),"SÜREN",IF(SUM(Y16:AC16)>0,"BULON",IF(SUM(AE16:AF16)>0,"ZEMİN ÇİVİSİ")))) -> FALSE | F16: S06-Barbaros İstasyonu | G16: Hat-2 | H16: B1 | I16: Bağlantı -2 P2 Yönü | J16: Alt Yarı | K16: TBT-NATM-S06-141 | L16: 46046 | M16: 55.94
A17: 2026.01-017 | B17: S06.H2.B1.BAĞ2-P2.-A-001 | C17: FALSE | E17: =+IF(OR(P17<>""),"KAZI-PÜS-H.ÇELİK",IF(AND(SUM(V17:W17)>0,SUM(AE17:AF17)=0),"SÜREN",IF(SUM(Y17:AC17)>0,"BULON",IF(SUM(AE17:AF17)>0,"ZEMİN ÇİVİSİ")))) -> FALSE | F17: S06-Barbaros İstasyonu | G17: Hat-2 | H17: B1 | I17: Bağlantı -2 P2 Yönü | J17: Alt Yarı | K17: TBT-NATM-S06-141 | L17: 46046 | M17: 55.32
A18: 2026.01-017 | B18: S06.H2.B1.BAĞ2-P2.-A-001 | C18: FALSE | E18: =+IF(OR(P18<>""),"KAZI-PÜS-H.ÇELİK",IF(AND(SUM(V18:W18)>0,SUM(AE18:AF18)=0),"SÜREN",IF(SUM(Y18:AC18)>0,"BULON",IF(SUM(AE18:AF18)>0,"ZEMİN ÇİVİSİ")))) -> FALSE | F18: S06-Barbaros İstasyonu | G18: Hat-2 | H18: B1 | I18: Bağlantı -2 P2 Yönü | J18: Alt Yarı | K18: TBT-NATM-S06-141 | L18: 46046 | M18: 54.57
A19: 2026.01-017 | B19: S06.H2.B1.BAĞ2-P2.-A-001 | C19: FALSE | E19: =+IF(OR(P19<>""),"KAZI-PÜS-H.ÇELİK",IF(AND(SUM(V19:W19)>0,SUM(AE19:AF19)=0),"SÜREN",IF(SUM(Y19:AC19)>0,"BULON",IF(SUM(AE19:AF19)>0,"ZEMİN ÇİVİSİ")))) -> FALSE | F19: S06-Barbaros İstasyonu | G19: Hat-2 | H19: B1 | I19: Bağlantı -2 P2 Yönü | J19: Alt Yarı | K19: TBT-NATM-S06-141 | L19: 46046 | M19: 53.82
A20: 2026.01-017 | B20: S06.H2.B1.BAĞ2-P2.-A-001 | C20: FALSE | E20: =+IF(OR(P20<>""),"KAZI-PÜS-H.ÇELİK",IF(AND(SUM(V20:W20)>0,SUM(AE20:AF20)=0),"SÜREN",IF(SUM(Y20:AC20)>0,"BULON",IF(SUM(AE20:AF20)>0,"ZEMİN ÇİVİSİ")))) -> FALSE | F20: S06-Barbaros İstasyonu | G20: Hat-2 | H20: B1 | I20: Bağlantı -2 P2 Yönü | J20: Alt Yarı | K20: TBT-NATM-S06-141 | L20: 46046 | M20: 53.07
A21: 2026.01-017 | B21: S06.H2.B1.BAĞ2-P2.-A-001 | C21: FALSE | E21: =+IF(OR(P21<>""),"KAZI-PÜS-H.ÇELİK",IF(AND(SUM(V21:W21)>0,SUM(AE21:AF21)=0),"SÜREN",IF(SUM(Y21:AC21)>0,"BULON",IF(SUM(AE21:AF21)>0,"ZEMİN ÇİVİSİ")))) -> FALSE | F21: S06-Barbaros İstasyonu | G21: Hat-2 | H21: B1 | I21: Bağlantı -2 P2 Yönü | J21: Alt Yarı | K21: TBT-NATM-S06-141 | L21: 46046 | M21: 52.32
A22: 2026.01-017 | B22: S06.H2.B1.BAĞ2-P2.-A-001 | C22: FALSE | E22: =+IF(OR(P22<>""),"KAZI-PÜS-H.ÇELİK",IF(AND(SUM(V22:W22)>0,SUM(AE22:AF22)=0),"SÜREN",IF(SUM(Y22:AC22)>0,"BULON",IF(SUM(AE22:AF22)>0,"ZEMİN ÇİVİSİ")))) -> FALSE | F22: S06-Barbaros İstasyonu | G22: Hat-2 | H22: B1 | I22: Bağlantı -2 P2 Yönü | J22: Alt Yarı | K22: TBT-NATM-S06-141 | L22: 46046 | M22: 51.57
A23: 2026.01-017 | B23: S06.H2.B1.BAĞ2-P2.-A-001 | C23: FALSE | E23: =+IF(OR(P23<>""),"KAZI-PÜS-H.ÇELİK",IF(AND(SUM(V23:W23)>0,SUM(AE23:AF23)=0),"SÜREN",IF(SUM(Y23:AC23)>0,"BULON",IF(SUM(AE23:AF23)>0,"ZEMİN ÇİVİSİ")))) -> FALSE | F23: S06-Barbaros İstasyonu | G23: Hat-2 | H23: B1 | I23: Bağlantı -2 P2 Yönü | J23: Alt Yarı | K23: TBT-NATM-S06-141 | L23: 46046 | M23: 50.82
A24: 2026.01-017 | B24: S06.H2.B1.BAĞ2-P2.-A-001 | C24: FALSE | E24: =+IF(OR(P24<>""),"KAZI-PÜS-H.ÇELİK",IF(AND(SUM(V24:W24)>0,SUM(AE24:AF24)=0),"SÜREN",IF(SUM(Y24:AC24)>0,"BULON",IF(SUM(AE24:AF24)>0,"ZEMİN ÇİVİSİ")))) -> FALSE | F24: S06-Barbaros İstasyonu | G24: Hat-2 | H24: B1 | I24: Bağlantı -2 P2 Yönü | J24: Alt Yarı | K24: TBT-NATM-S06-141 | L24: 46046 | M24: 50.07
A26: 2026.04-010 | B26: S06.H2.B1.BAĞ2-P2.-A-002 | C26: =AND(A26=[2]TUTANAK!$D$6,P26="Tamamlandı") -> FALSE | E26: =+IF(OR(P26<>""),"KAZI-PÜS-H.ÇELİK",IF(AND(SUM(V26:W26)>0,SUM(AE26:AF26)=0),"SÜREN",IF(SUM(Y26:AC26)>0,"BULON",IF(SUM(AE26:AF26)>0,"ZEMİN ÇİVİSİ")))) -> BULON | F26: S06-Barbaros İstasyonu | G26: Hat-2 | H26: B1 | I26: Bağlantı -2 P2 Yönü | J26: Alt Yarı | K26: TBT-NATM-S06-251 | L26: 46120 | M26: 57 | AC26: 20

Sheet AYNA TAKİP
A1: Dönemi | B1: Hk No | C1: Sıra No | D1: Km | E1: Yeri | G1: Çelik Hasır | H1: Püskürtme Betonu | J1: Kalınlık | K1: Alan | L1: Hasır
A2: 45839 | B2: 3 | C2: 1 | D2: 2101.61 | E2: Üst Yarı | F2: 1 | H2: 5 cm atıldı | J2: 0.05 | K2: 27.35
A3: 45839 | B3: 3 | C3: =+C2+1 -> 2 | D3: 2102.36 | E3: Üst Yarı | F3: 2 | H3: 5 cm atıldı | J3: 0.05 | K3: 28.106
A4: 45839 | B4: 3 | C4: =+C3+1 -> 3 | D4: 2103.11 | E4: Üst Yarı | F4: 3 | H4: 5 cm atıldı | J4: 0.05 | K4: 28.879
A5: 45839 | B5: 3 | C5: =+C4+1 -> 4 | D5: 2103.11 | E5: Üst Yarı | F5: 3 | G5: Q221/221 Tek Kat | H5: 15 cm atıldı 8 m² | J5: 0.15 | K5: 8 | L5: =+K5*3.47/1000 -> 0.02776
A6: 45839 | B6: 3 | C6: =+C5+1 -> 5 | D6: 2103.86 | E6: Üst Yarı | F6: 4 | H6: 5 cm atıldı | J6: 0.05 | K6: 29.536
A7: 45839 | B7: 3 | C7: =+C6+1 -> 6 | D7: 2104.61 | E7: Üst Yarı | F7: 5 | H7: 5 cm atıldı | J7: 0.05 | K7: 30.158
A8: 45839 | B8: 3 | C8: =+C7+1 -> 7 | D8: 2105.36 | E8: Üst Yarı | F8: 6 | G8: Q221/221 Tek Kat | H8: 15 cm atıldı | J8: 0.15 | K8: 30.868 | L8: =0.3*416.54/1000 -> 0.124962
A9: 45839 | B9: 3 | C9: =+C8+1 -> 8 | D9: 2106.11 | E9: Üst Yarı | F9: 1 | H9: 5 cm atıldı | J9: 0.05 | K9: 27.35
A10: 45839 | B10: 3 | C10: =+C9+1 -> 9 | D10: 2106.86 | E10: Üst Yarı | F10: 2 | H10: 5 cm atıldı | J10: 0.05 | K10: 28.106
A11: 45839 | B11: 3 | C11: =+C10+1 -> 10 | D11: 2107.61 | E11: Üst Yarı | F11: 3 | H11: 5 cm atıldı | J11: 0.05 | K11: 28.879
A12: 45839 | B12: 3 | C12: =+C11+1 -> 11 | D12: 2107.61 | E12: Üst Yarı | F12: 3 | G12: Q221/221 Tek Kat | H12: 15 cm atıldı 8 m² | J12: 0.15 | K12: 8 | L12: =+K12*3.47/1000 -> 0.02776
A13: 45839 | B13: 3 | C13: =+C12+1 -> 12 | D13: 2108.36 | E13: Üst Yarı | F13: 4 | H13: 5 cm atıldı | J13: 0.05 | K13: 29.536
A14: 45839 | B14: 3 | C14: =+C13+1 -> 13 | D14: 2109.11 | E14: Üst Yarı | F14: 5 | H14: 5 cm atıldı | J14: 0.05 | K14: 30.158
A15: 45839 | B15: 3 | C15: =+C14+1 -> 14 | D15: 2109.86 | E15: Üst Yarı | F15: 6 | G15: Q221/221 Tek Kat | H15: 15 cm atıldı | J15: 0.15 | K15: 30.868 | L15: =0.3*416.54/1000 -> 0.124962
A16: 45839 | B16: 3 | C16: =+C15+1 -> 15 | D16: 2110.61 | E16: Üst Yarı | F16: 1 | H16: 5 cm atıldı | J16: 0.05 | K16: 27.35
A17: 45839 | B17: 3 | C17: =+C16+1 -> 16 | D17: 2111.36 | E17: Üst Yarı | F17: 2 | H17: 5 cm atıldı | J17: 0.05 | K17: 28.106
A18: 45839 | B18: 3 | C18: =+C17+1 -> 17 | D18: 2112.11 | E18: Üst Yarı | F18: 3 | H18: 5 cm atıldı | J18: 0.05 | K18: 28.879
A19: 45839 | B19: 3 | C19: =+C18+1 -> 18 | D19: 2112.11 | E19: Üst Yarı | F19: 3 | G19: Q221/221 Tek Kat | H19: 15 cm atıldı 8 m² | J19: 0.15 | K19: 8 | L19: =+K19*3.47/1000 -> 0.02776
A20: 45839 | B20: 3 | C20: =+C19+1 -> 19 | D20: 2112.86 | E20: Üst Yarı | F20: 4 | H20: 5 cm atıldı | J20: 0.05 | K20: 29.536
A21: 45839 | B21: 3 | C21: =+C20+1 -> 20 | D21: 2113.61 | E21: Üst Yarı | F21: 5 | H21: 5 cm atıldı | J21: 0.05 | K21: 30.158
A22: 45839 | B22: 3 | C22: =+C21+1 -> 21 | D22: 2114.36 | E22: Üst Yarı | F22: 6 | G22: Q221/221 Tek Kat | H22: 15 cm atıldı | J22: 0.15 | K22: 30.868 | L22: =0.3*416.54/1000 -> 0.124962
A23: 45839 | B23: 3 | C23: =+C22+1 -> 22 | D23: 2115.18 | E23: Üst Yarı | F23: 6 | H23: 5 cm atıldı | J23: 0.05 | K23: 30.868
A24: 45839 | B24: 3 | C24: =+C23+1 -> 23 | D24: 2115.85 | E24: Üst Yarı | F24: 1 | H24: 5 cm atıldı | J24: 0.05 | K24: 27.35
A25: 45839 | B25: 3 | C25: =+C24+1 -> 24 | D25: 2116.6 | E25: Üst Yarı | F25: 2 | H25: 5 cm atıldı | J25: 0.05 | K25: 28.106
A26: 45839 | B26: 3 | C26: =+C25+1 -> 25 | D26: 2117.35 | E26: Üst Yarı | F26: 3 | H26: 5 cm atıldı | J26: 0.05 | K26: 28.879
A27: 45839 | B27: 3 | C27: =+C26+1 -> 26 | D27: 2117.35 | E27: Üst Yarı | F27: 3 | G27: Q221/221 Tek Kat | H27: 15 cm atıldı 8 m² | J27: 0.15 | K27: 8 | L27: =+K27*3.47/1000 -> 0.02776
A28: 45870 | B28: 3 | C28: =+C27+1 -> 27 | D28: 2118.1 | E28: Üst Yarı | F28: 4 | H28: 5 cm atıldı | J28: 0.05 | K28: 29.536
A29: 45870 | B29: 3 | C29: =+C28+1 -> 28 | D29: 2118.1 | E29: Üst Yarı | F29: 4 | G29: Q221/221 Tek Kat | H29: 15 cm atıldı 8 m² | J29: 0.15 | K29: 8 | L29: =+K29*3.47/1000 -> 0.02776
A30: 45870 | B30: 3 | C30: =+C29+1 -> 29 | D30: 2118.85 | E30: Üst Yarı | F30: 5 | H30: 5 cm atıldı | J30: 0.05 | K30: 30.158
A31: 45870 | B31: 3 | C31: =+C30+1 -> 30 | D31: 2119.6 | E31: Üst Yarı | F31: 6 | G31: Q221/221 Tek Kat | H31: 15 cm atıldı | J31: 0.15 | K31: 30.868 | L31: =0.3*416.54/1000 -> 0.124962
A32: 45870 | B32: 3 | C32: =+C31+1 -> 31 | D32: 2120.35 | E32: Üst Yarı | F32: 1 | H32: 5 cm atıldı | J32: 0.05 | K32: 27.35
A33: 45870 | B33: 3 | C33: =+C32+1 -> 32 | D33: 2121.1 | E33: Üst Yarı | F33: 2 | H33: 5 cm atıldı | J33: 0.05 | K33: 28.106
A34: 45870 | B34: 3 | C34: =+C33+1 -> 33 | D34: 2121.1 | E34: Üst Yarı | F34: 2 | G34: Q221/221 Tek Kat | H34: 15 cm atıldı 8 m² | J34: 0.15 | K34: 8 | L34: =+K34*3.47/1000 -> 0.02776
A35: 45870 | B35: 3 | C35: =+C34+1 -> 34 | D35: 2121.85 | E35: Üst Yarı | F35: 3 | H35: 5 cm atıldı | J35: 0.05 | K35: 28.879
A36: 45870 | B36: 3 | C36: =+C35+1 -> 35 | D36: 2122.6 | E36: Üst Yarı | F36: 4 | H36: 5 cm atıldı | J36: 0.05 | K36: 29.536
A37: 45870 | B37: 3 | C37: =+C36+1 -> 36 | D37: 2122.6 | E37: Üst Yarı | F37: 4 | G37: Q221/221 Tek Kat | H37: 15 cm atıldı 6 m² | J37: 0.15 | K37: 6 | L37: =+K37*3.47/1000 -> 0.02082
A38: 45870 | B38: 3 | C38: =+C37+1 -> 37 | D38: 2123.35 | E38: Üst Yarı | F38: 5 | H38: 5 cm atıldı | J38: 0.05 | K38: 30.158
A39: 45870 | B39: 3 | C39: =+C38+1 -> 38 | D39: 2124.48 | E39: Üst Yarı | F39: 6 | G39: Q589/589 Çift Kat | H39: 30 cm atıldı | J39: 0.3 | K39: 30.868 | L39: =0.3*1008.66/1000 -> 0.302598

Sheet Kontrol
E2: KM1 | F2: =+_xlfn.MINIFS(DATA!M:M,DATA!Q:Q,"Q589/589-Çift Kat") -> 0 | G2: =+_xlfn.MINIFS(DATA!M:M,DATA!Q:Q,"3xQ221/221-Çift Kat") -> 0
E3: KM2 | F3: =+_xlfn.MAXIFS(DATA!M:M,DATA!Q:Q,"Q589/589-Çift Kat")+0.3 -> 0.3 | G3: =+_xlfn.MAXIFS(DATA!M:M,DATA!Q:Q,"3xQ221/221-Çift Kat") -> 0 | I3: Aynadan dolayı ilave ilerleme var
A4: İş Kalemi No | B4: Açıklama | C4: Birimi | D4: Birim Fiyat | E4: Toplam | F4: Kalıcı | G4: Geçici | H4: Ayna
A5: 018 | B5: Geleneksel (NATM) Tünel Kazısı | C5: m³ | D5: 5075 | E5: =ROUND(SUM(F5:H5),3) -> 72.916 | F5: =+ROUND(ABS(F2-F3)*29.15,3) -> 8.745 | G5: =+ROUND(ABS(G2-G3)*1.149,3) -> 0 | H5: =+SUMPRODUCT('AYNA TAKİP'!J1:J38,'AYNA TAKİP'!K1:K38) -> 64.17145
A6: 019.A | B6: Kazıdan çıkan veya Ariyetten alınan malzeme ile geri dolgu yapılması | C6: m³ | D6: 600 | E6: =ROUND(SUM(F6:H6),3) -> 0
A7: 019.B | B7: Kum, Çakıl, Kırma Tas ve Benzeri Malzeme ile Dolgu Yapılması | C7: m³ | D7: 1500 | E7: =ROUND(SUM(F7:H7),3) -> 0
A8: 020 | B8: Püskürtme Beton (Tünel ve Şaftlarda) | C8: m³ | D8: 15334 | E8: =ROUND(SUM(F8:H8),3) -> 74.248 | F8: =+ROUND(ABS(F2-F3)*3.022,3)*0.9 -> 0.8163 | G8: =+ROUND(ABS(G2-G3)*1.149,3) -> 0 | H8: =+SUMPRODUCT('AYNA TAKİP'!J:J,'AYNA TAKİP'!K:K) -> 73.43185
A9: 021.A | B9: Delgi boyu =< 30m | C9: m | D9: 248
A10: 021.B | B10: Delgi boyu > 30m | C10: m | D10: 371
A11: 022.A | B11: L=3 m Kaya Bulonu | C11: adet | D11: 2250 | E11: =+SUM(DATA!Y:Y) -> 0
A12: 022.B | B12: L=4 m Kaya Bulonu | C12: adet | D12: 8000 | E12: =+SUM(DATA!Z:Z) -> 0
A13: 022.C | B13: L=5 m Kaya Bulonu | C13: adet | D13: 8288 | E13: =+SUM(DATA!AA:AA) -> 0
A14: 022.D | B14: L=6 m Kaya Bulonu | C14: adet | D14: 12000 | E14: =+SUM(DATA!AB:AB) -> 0
A15: 022.E | B15: L=8 m Kaya Bulonu | C15: adet | D15: 28000 | E15: =+SUM(DATA!AC:AC) -> 20
A16: 023.A | B16: 125 mm Delik İçine 14 mm Kalınlığında S420a ile Zemin Çivisi Teşkili | C16: m | D16: 375 | E16: =+SUM(DATA!AE:AE) -> 0
A17: 023.B | B17: 125 mm Delik İçine 26 mm Kalınlığında S420a ile Zemin Çivisi Teşkili | C17: m | D17: 388 | E17: =+SUM(DATA!AF:AF) -> 0
A18: 024 | B18: Çelik İksa (Tünel ve Şaftlarda) | C18: ton | D18: 102000 | E18: =ROUND(SUM(F18:G18),3) -> 0 | F18: =SUMIFS(DATA!T:T,DATA!N:N,"KALICI",DATA!O:O,"Umbrella-1")*0.713518+SUMIFS(DATA!T:T,DATA!N:N,"KALICI",DATA!O:O,"Umbrella-2")*0.71664+SUMIFS(DATA!T:T,DATA!N:N,"KALICI",DATA!O:O,"Umbrella-3")*0.729202+SUMIFS(DATA!T:T,DATA!N:N,"KALICI",DATA!O:O,"Umbrella-4")*0.74693+SUMIFS(DATA!T:T,DATA!N:N,"KALICI",DATA!O:O,"Umbrella-5")*0.75958+SUMIFS(DATA!T:T,DATA!N:N,"KALICI",DATA!O:O,"Umbrella-6")*0.770217 -> 0 | G18: =SUMIFS(DATA!S:S,DATA!N:N,"GEÇİCİ",DATA!O:O,"Umbrella-1")*0.210818+SUMIFS(DATA!S:S,DATA!N:N,"GEÇİCİ",DATA!O:O,"Umbrella-2")*0.215206+SUMIFS(DATA!S:S,DATA!N:N,"GEÇİCİ",DATA!O:O,"Umbrella-3")*0.217336+SUMIFS(DATA!S:S,DATA!N:N,"GEÇİCİ",DATA!O:O,"Umbrella-4")*0.216782+SUMIFS(DATA!S:S,DATA!N:N,"GEÇİCİ",DATA!O:O,"Umbrella-5")*0.21691+SUMIFS(DATA!S:S,DATA!N:N,"GEÇİCİ",DATA!O:O,"Umbrella-6")*0.218869 -> 0
A19: 025 | B19: Umbrella Arch Yapılması | C19: m | D19: 3400 | E19: =+SUM(DATA!V:V) -> 0
A20: 026.A | B20: Tünel ve şaftlarda su yalıtımı, birim ağırlığı >=500 g/metrekare geotekstil keçe | C20: m² | D20: 510
A21: 026.B | B21: Tünel ve şaftlarda su yalıtımı, 2mm kalınlıklı PVC membran | C21: m² | D21: 1200
A22: 027 | B22: Su Tutucular (Tünel ve Şaftlarda) | C22: m | D22: 2160
A23: 028.A | B23: Kalıp (invert ve şaft için) | C23: m² | D23: 4150
A24: 028.B | B24: Kalıp (duvar ve kemer İçin) | C24: m² | D24: 1500
A25: 028.C | B25: Tip Kesit Dışı Konstrüksiyon Kalıbı, Tünel Alın Kalıbı | C25: m² | D25: 500
A26: 029.A | B26: C16 Beton İmali ve Dökülmesi (Tünel ve Şaftlarda) | C26: m³ | D26: 6030
A27: 029.B | B27: C30 Beton İmali ve Dökülmesi (Tünel ve Şaftlarda) Tünel kaplaması, invert ve şaftlardaki alt döşeme | C27: m³ | D27: 10355
A28: 029.C | B28: C30 Beton İmali ve Dökülmesi (Tünel ve Şaftlarda) Yan duvarlar, kemer | C28: m³ | D28: 10355
A29: 029.D | B29: Diğer Kesit Dışındaki Yapıların Betonu C30 | C29: m³ | D29: 10355
A30: 030.A | B30: Çelik Donatı (S220 ) | C30: ton | D30: 46250 | E30: =ROUND(SUM(F30:G30),3) -> 0 | F30: =ROUND(SUM(DATA!T:T)*(20*0.888*1.5+9*1.208*0.95)/1000,3) -> 0
A31: 030.B | B31: Çelik Donatı (S420a ) | C31: ton | D31: 92500 | E31: =ROUND(SUM(F31:G31),3) -> 0 | F31: =+ROUND(COUNTIFS(DATA!AG:AG,"30 adet L=2m Ø12 Demir montajı yapıldı.")*30*0.888*2/1000,3) -> 0
A32: 030.C | B32: Çelik hasır (S500 ) | C32: ton | D32: 97333 | E32: =ROUND(SUM(F32:H32),3) -> 2.219 | F32: =ROUND(SUM(DATA!T:T)*0.195718,3) -> 0 | G32: =ROUND(SUM(DATA!S:S)*0.11171,3) -> 1.229 | H32: =+SUM('AYNA TAKİP'!L:L) -> 0.989826
A33: 030.D | B33: Paslanmaz Çelik Plaka | C33: kg | D33: 150
A34: 030.E | B34: Block-out Kutusu | C34: kg | D34: 180
E35: =+SUMPRODUCT(D5:D34,E5:E34) -> 2284549.5
