Workbook

Sheet Para Yazdırma
A1: =+Kapak!N33 -> 56623824 | B1: =+D3&D4&D5&E5&D6&D7&D8&E8&D9&D10&D11&E11&D12&D13&D14&E14&D15&D16&D17&E17&D18&D19&E19 -> ElliAltıMilyonAltıyüzYirmiÜçBinSekizyüzYirmiDörtLiraYediKuruş
A3: =+A1 -> 56623824 | B3: 100000000000000 | C3: =+ROUNDDOWN(A3/B3,0) -> 0 | D3: =+IF(C3=0,"",VLOOKUP(C3,$K$3:$L$11,2,FALSE)) | G3: 1 | H3: Bir | I3: 1 | J3: On | K3: 1 | L3: Yüz
A4: =+ROUND(A3-B3*C3,2) -> 56623824 | B4: 10000000000000 | C4: =+ROUNDDOWN(A4/B4,0) -> 0 | D4: =+IF(C4=0,"",VLOOKUP(C4,$I$3:$J$11,2,FALSE)) | G4: 2 | H4: İki | I4: 2 | J4: Yirmi | K4: 2 | L4: İkiyüz
A5: =+ROUND(A4-B4*C4,2) -> 56623824 | B5: 1000000000000 | C5: =+ROUNDDOWN(A5/B5,0) -> 0 | D5: =+IF(C5=0,"",VLOOKUP(C5,$G$3:$H$11,2,FALSE)) | E5: =+IF(SUM(C3:C5)>0,"Trilyon","") | G5: 3 | H5: Üç | I5: 3 | J5: Otuz | K5: 3 | L5: Üçyüz
A6: =+ROUND(A5-B5*C5,2) -> 56623824 | B6: 100000000000 | C6: =+ROUNDDOWN(A6/B6,0) -> 0 | D6: =+IF(C6=0,"",VLOOKUP(C6,$K$3:$L$11,2,FALSE)) | G6: 4 | H6: Dört | I6: 4 | J6: Kırk | K6: 4 | L6: Dörtyüz
A7: =+ROUND(A6-B6*C6,2) -> 56623824 | B7: 10000000000 | C7: =+ROUNDDOWN(A7/B7,0) -> 0 | D7: =+IF(C7=0,"",VLOOKUP(C7,$I$3:$J$11,2,FALSE)) | G7: 5 | H7: Beş | I7: 5 | J7: Elli | K7: 5 | L7: Beşyüz
A8: =+ROUND(A7-B7*C7,2) -> 56623824 | B8: 1000000000 | C8: =+ROUNDDOWN(A8/B8,0) -> 0 | D8: =+IF(C8=0,"",VLOOKUP(C8,$G$3:$H$11,2,FALSE)) | E8: =+IF(SUM(C6:C8)>0,"Milyar","") | G8: 6 | H8: Altı | I8: 6 | J8: Altmış | K8: 6 | L8: Altıyüz
A9: =+ROUND(A8-B8*C8,2) -> 56623824 | B9: 100000000 | C9: =+ROUNDDOWN(A9/B9,0) -> 0 | D9: =+IF(C9=0,"",VLOOKUP(C9,$K$3:$L$11,2,FALSE)) | G9: 7 | H9: Yedi | I9: 7 | J9: Yetmiş | K9: 7 | L9: Yediyüz
A10: =+ROUND(A9-B9*C9,2) -> 56623824 | B10: 10000000 | C10: =+ROUNDDOWN(A10/B10,0) -> 5 | D10: =+IF(C10=0,"",VLOOKUP(C10,$I$3:$J$11,2,FALSE)) -> Elli | G10: 8 | H10: Sekiz | I10: 8 | J10: Seksen | K10: 8 | L10: Sekizyüz
A11: =+ROUND(A10-B10*C10,2) -> 6623824.1 | B11: 1000000 | C11: =+ROUNDDOWN(A11/B11,0) -> 6 | D11: =+IF(C11=0,"",VLOOKUP(C11,$G$3:$H$11,2,FALSE)) -> Altı | E11: =+IF(SUM(C9:C11)>0,"Milyon","") -> Milyon | G11: 9 | H11: Dokuz | I11: 9 | J11: Doksan | K11: 9 | L11: Dokuzyüz
A12: =+ROUND(A11-B11*C11,2) -> 623824.07 | B12: 100000 | C12: =+ROUNDDOWN(A12/B12,0) -> 6 | D12: =+IF(C12=0,"",VLOOKUP(C12,$K$3:$L$11,2,FALSE)) -> Altıyüz
A13: =+ROUND(A12-B12*C12,2) -> 23824.07 | B13: 10000 | C13: =+ROUNDDOWN(A13/B13,0) -> 2 | D13: =+IF(C13=0,"",VLOOKUP(C13,$I$3:$J$11,2,FALSE)) -> Yirmi
A14: =+ROUND(A13-B13*C13,2) -> 3824.07 | B14: 1000 | C14: =+ROUNDDOWN(A14/B14,0) -> 3 | D14: =+IF(C14=0,"",VLOOKUP(C14,$G$3:$H$11,2,FALSE)) -> Üç | E14: =+IF(SUM(C12:C14)>0,"Bin","") -> Bin
A15: =+ROUND(A14-B14*C14,2) -> 824.07 | B15: 100 | C15: =+ROUNDDOWN(A15/B15,0) -> 8 | D15: =+IF(C15=0,"",VLOOKUP(C15,$K$3:$L$11,2,FALSE)) -> Sekizyüz
A16: =+ROUND(A15-B15*C15,2) -> 24.07 | B16: 10 | C16: =+ROUNDDOWN(A16/B16,0) -> 2 | D16: =+IF(C16=0,"",VLOOKUP(C16,$I$3:$J$11,2,FALSE)) -> Yirmi
A17: =+ROUND(A16-B16*C16,2) -> 4.07 | B17: 1 | C17: =+ROUNDDOWN(A17/B17,0) -> 4 | D17: =+IF(C17=0,"",VLOOKUP(C17,$G$3:$H$11,2,FALSE)) -> Dört | E17: =+IF(SUM(C3:C17)>0,"Lira","") -> Lira
A18: =+ROUND(A17-B17*C17,2) -> 0.07 | B18: 0.1 | C18: =+ROUNDDOWN(A18/B18,0) -> 0 | D18: =+IF(C18=0,"",VLOOKUP(C18,$I$3:$J$11,2,FALSE))
A19: =+ROUND(A18-B18*C18,2) -> 0.07 | B19: 0.01 | C19: =+ROUNDDOWN(A19/B19,0) -> 7 | D19: =+IF(C19=0,"",VLOOKUP(C19,$G$3:$H$11,2,FALSE)) -> Yedi | E19: =+IF(SUM(C18:C19)>0,"Kuruş","") -> Kuruş

Sheet Veri
A1: GENEL BİLGİLER
A2: Sözleşme Bedeli (Mektup Sayfasına Lazım) | B2: : | C2: 21982861000
A3: İşin Adı | B3: : | C3: Kirazlı-Halkalı Üniversite Metro Hattı İnşaat Ve Elektromekanik İşler İle M1 Hattı Elektromekanik Sistemleri Yapım İşi
A4: İdare Genel Adı | B4: : | C4: T.C. İstanbul Büyükşehir Belediyesi
A5: İdare Müdürlük | B5: : | C5: Raylı Sistem Dairesi Başkanlığı Avrupa Yakası Raylı Sistem Şube Müdürlüğü
A6: İdare Tam Adı | B6: : | C6: =$C$4&", " &$C$5 -> T.C. İstanbul Büyükşehir Belediyesi, Raylı Sistem Dairesi Başkanlığı Avrupa Yakası Raylı Sistem Şube Müdürlüğü
A7: Danışman | B7: : | C7: Yüksel Proje A.Ş.
A8: Yüklenici | B8: : | C8: Kalyon-Özgün Metro İnşaatı Adi Ortaklığı Ticari İşletmesi
A9: İhale Tarihi | B9: : | C9: 45614
A10: İhale Bedeli | B10: : | C10: 21.982.861.000,00 TL + KDV
A11: Sözleşme Tarihi ve No'su | B11: : | C11: 13.12.2024-2024/1524796
A12: Sözleşmenin Noter'ce Tescil Tarihi No'su | B12: : | C12: 13.12.2024/59781
A13: İşyeri Teslim Tarihi | B13: : | C13: 45653
A14: İşe Başlama Tarihi | B14: : | C14: 45653
A15: Sözleşmeye Göre İşin Süresi | B15: : | C15: 1440 gün
A16: Sözleşmeye Göre İşin Bitim Tarihi | B16: : | C16: 47093
A17: Verilen Avanslar Toplamı | B17: : | C17: 0
A19: Bir Önceki Hakediş No | B19: : | C19: 5
A20: Bir Önceki Hakediş Tarihi | B20: : | C20: 01.04.2026
A21: Bu Hakediş No | B21: : | C21: 6
A22: Hakediş Tarihi | B22: : | C22: 46142
A24: İDARE | B24: : | C24: T.C. İSTANBUL BÜYÜKŞEHİR BELEDİYESİ Raylı Sistem Dairesi Başkanlığı Avrupa Yakası Raylı Sistem Şube Müdürlüğü
A25: Raylı Sistem Daire Başkan V. | B25: : | C25: Erman ERYILMAZ
A26: Avrupa Yakası Raylı Sistem Müdürü | B26: : | C26: Ahmet ÖNAL
A27: İnşaat Müdür Yardımcısı | B27: : | C27: Osman ŞAHİN
A28: E&M Müdür Yardımcısı | B28: : | C28: Hakan ARZU
A29: Kontrol Mühendisi | B29: : | C29: Mehmet Zeki ERTÜRK
A30: Kontrol Mühendisi | B30: : | C30: Atilla ALKAN
A31: Kontrol Mühendisi | B31: : | C31: Selçuk ŞİYHAN
A33: Kontrol Mühendisi | B33: : | C33: Ferhat KARAOĞLAN
A34: Kontrol Mühendisi | B34: : | C34: Yavuz TAŞ
A35: Kontrol Mühendisi | B35: : | C35: Uğur ERKEN
A36: Kontrol Mühendisi | B36: : | C36: Özkan SAĞIR
... A44: Proje Müdürü | B44: : | C44: Orhan KOCA
A45: İnşaat Kontrol Amiri | B45: :
A46: Elektromekanik İşler Kontrol Amiri | B46: : | C46: Fatih AYDIN
A47: Hakediş, Mukavele Takip, Kesin Hesap Kontrol Mühendisi | B47: : | C47: Yılmaz SATI
A48: Hakediş, Mukavele Takip, Kesin Hesap Kontrol Mühendisi | B48: : | C48: Aybüke YEĞEN
A50: YÜKLENİCİ | B50: : | C50: KALYON-ÖZGÜN METRO İNŞAATI ADİ ORTAKLIĞI
A51: Proje Müdürü | B51: : | C51: Kemal YERLİ
A52: Teknik Ofis Müdürü | B52: : | C52: Serpil ÖZYILMAZ

Sheet İmza Matris
E3: Açıkta | F3: Tünel | G3: Jeo | H3: İnce | I3: Elektrik | J3: Sinyal | K3: Haberleşme | L3: Çevresel | M3: Yardımcı | N3: Yürüyen Merdiven | O3: Demiryolu | P3: Sistem Müh | Q3: M1A-M1B | R3: Diğer Kurum
A4: Raylı Sistem Daire Başkanı | B4: Ceyhun AVŞAR | D4: Genel | I4: Yavuz TAŞ | J4: Yavuz TAŞ | K4: Ferhat KARAOĞLAN | L4: M.Zeki ERTÜRK | M4: M.Zeki ERTÜRK | N4: M.Zeki ERTÜRK | P4: Hasan Tecelli TEMÜZ | Q4: M.Zeki ERTÜRK | R4: M.Zeki ERTÜRK
A5: Avrupa Yakası Raylı Sistem Müdürü | B5: Ahmet ÖNAL | D5: Genel | I5: Elektrik Kontrol Mühendisi | J5: Elektrik Kontrol Mühendisi | K5: Elektronik Kontrol Mühendisi | L5: Yavuz TAŞ | M5: Ferhat KARAOĞLAN | P5: İnşaat Kontrol Mühendisi | Q5: Ferhat KARAOĞLAN | R5: Ferhat KARAOĞLAN
A6: İnşaat Müdür Yardımcısı | B6: Osman ŞAHİN | D6: Genel | F6: Yasin YEŞİLDAĞ | G6: Yasin YEŞİLDAĞ | L6: Elektrik Kontrol Mühendisi | M6: Elektronik Kontrol Mühendisi | O6: Hasan Tecelli TEMÜZ | Q6: Elektronik Kontrol Mühendisi | R6: Elektronik Kontrol Mühendisi
A7: E&M Müdür Yardımcısı | B7: Hakan ARZU | D7: Barbaros | E7: Özkan SAĞIR | F7: Maden Kontrol Mühendisi | G7: Maden Kontrol Mühendisi | H7: Hakan KUK | O7: İnşaat Kontrol Mühendisi | R7: Özkan SAĞIR
A8: Kontrol Mühendisi | B8: M.Zeki ERTÜRK | D8: Malazgirt | E8: İnşaat Kontrol Mühendisi | F8: Yasin YEŞİLDAĞ | G8: Yasin YEŞİLDAĞ | H8: Mimar / Kontrol Mühendisi | O8: Hasan Tecelli TEMÜZ | R8: İnşaat Kontrol Mühendisi
A9: Kontrol Mühendisi | B9: Atilla ALKAN | D9: Mimar Sinan | E9: Atilla ALKAN | F9: Maden Kontrol Mühendisi | G9: Maden Kontrol Mühendisi | H9: Ahmet Resul KESKİN | O9: İnşaat Kontrol Mühendisi | R9: Atilla ALKAN
A10: Kontrol Mühendisi | B10: İnşaat Kontrol Mühendisi | D10: Fatih | E10: İnşaat Kontrol Mühendisi | F10: Yasin YEŞİLDAĞ | G10: Yasin YEŞİLDAĞ | H10: Mimar / Kontrol Mühendisi | O10: Hasan Tecelli TEMÜZ | R10: İnşaat Kontrol Mühendisi
A11: Kontrol Mühendisi | B11: Ferhat KARAOĞLAN | D11: Halkalı | E11: Hasan Tecelli TEMÜZ | F11: Maden Kontrol Mühendisi | G11: Maden Kontrol Mühendisi | H11: Ahmet Resul KESKİN | O11: İnşaat Kontrol Mühendisi | R11: Hasan Tecelli TEMÜZ
A12: Kontrol Mühendisi | B12: Elektronik Kontrol Mühendisi | E12: İnşaat Kontrol Mühendisi | H12: Mimar / Kontrol Mühendisi | R12: İnşaat Kontrol Mühendisi
A13: Kontrol Mühendisi | B13: Uğur ERKEN
A14: Kontrol Mühendisi | B14: Harita Kontrol Mühendisi
A15: Kontrol Mühendisi | B15: Hasan Tecelli TEMÜZ
A16: Kontrol Mühendisi | B16: İnşaat Kontrol Mühendisi
A17: Kontrol Mühendisi | B17: Ahmet Resul KESKİN
A18: Kontrol Mühendisi | B18: Mimar / Kontrol Mühendisi
A19: Kontrol Teknikeri | B19: Hasan Fehmi KARACA
B20: İnşaat Kontrol Teknikeri

Sheet İmza

Sheet İmza (2)

Sheet İndeks
A1: =+Veri!$C$6 -> T.C. İstanbul Büyükşehir Belediyesi, Raylı Sistem Dairesi Başkanlığı Avrupa Yakası Raylı Sistem Şube Müdürlüğü
A2: =+Veri!$C$3 -> Kirazlı-Halkalı Üniversite Metro Hattı İnşaat Ve Elektromekanik İşler İle M1 Hattı Elektromekanik Sistemleri Yapım İşi
A3: ="Hakediş No : "&Veri!C21&" ("&TEXT(Veri!C20,"gg.aa.yyyy")&" - "&TEXT(Veri!C22,"gg.aa.yyyy")&")" -> Hakediş No : 6 (01.04.2026 - 30.04.2026)
A4: DİZİ PUSULASI
A5: Sıra No | B5: Açıklama | G5: Sayfa Sayısı
B6: Bütçe Finansman ve Denetim Müdürlüğü'ne yazı | G6: 1
B7: Ödeme Emri Belgesi | G7: 1
B8: Fatura | G8: 1
B9: Vergi ve SGK Borcu Yoktur Yazıları | G9: 2
A11: 1 | B11: Hakediş İtiraz Dilekçeleri | G11: -
A12: =+A11+1 -> 2 | B12: Hakediş Raporu Kapağı ve İcmal | G12: 4
A13: =+A12+1 -> 3 | B13: İhtiyat ve Ek Kesin Teminat Kesintisi Yerine Verilen Teminat Mektupları Listesi, Avans Kesintisi Takip Tablosu | G13: 10 | I13: Elle
A14: =+A13+1 -> 4 | B14: Fiyat Farkı İcmali ve Hesap Tabloları | G14: 5 | I14: Elle
A15: =+A14+1 -> 5 | B15: Yapılan İşler (İcmal Özet + İmalat) | G15: 40
A16: =+A15+1 -> 6 | B16: Yeşil Defter Sayfaları | G16: 26
A17: =+A16+1 -> 7 | B17: Metrajlar | G17: 104 | I17: Elle
A18: =+A17+1 -> 8 | B18: NATM İmalat Tutanakları | L18: =465-G16-G15-G14-G13-G12-G19 -> 354
A19: =+A18+1 -> 9 | B19: NATM İmalat Birim Miktarlar | G19: 26
A20: =+A19+1 -> 10 | B20: Yüklenici Firmadan İşçi Alacağı Olmadığına Dair İlan Tutanağı | G20: 2
A21: =+A20+1 -> 11 | B21: All Risk Sigorta Poliçesi | G21: 29
A22: =+A21+1 -> 12 | B22: Vekaletname | G22: 3
G23: =SUM(G6:G22) -> 254
B27: ="Yalnız "&$A$22&" kalem ve "&G23&" sayfadır." -> Yalnız 12 kalem ve 254 sayfadır.

Sheet İmza Yetkilileri
B1: =+[3]Veri!$C$6 -> T.C. İstanbul Büyükşehir Belediyesi, Raylı Sistem Dairesi Başkanlığı Avrupa Yakası Raylı Sistem Şube Müdürlüğü
B2: =+[3]Veri!$C$3 -> Kirazlı-Halkalı Üniversite Metro Hattı İnşaat Ve Elektromekanik İşler İle M1 Hattı Elektromekanik Sistemleri Yapım İşi
B3: İMZA YETKİLİLERİ LİSTESİ
B4: Açıklama | C4: İmza Yetkilileri (İBB) | D4: Sayfa Numaraları | E4: İmza Yetkilileri (Müşavir) | F4: Sayfa Numaraları | G4: İmza Yetkilileri (Yüklenici) | H4: Sayfa Numaraları
A5: 1 | B5: Hakediş Kapak ve İcmal | C5: Erman ERYILMAZ | D5: Kapak 4 | E5: Orhan KOCA | F5: Kapak 2 - 4 | G5: Kemal YERLİ | H5: Kapak 2 - 4
C6: Ahmet ÖNAL | D6: Kapak 4 | E6: Sinan GENÇTÜRK | F6: Kapak 2 - 4
C7: Osman ŞAHİN | D7: Kapak 2 - 4 | E7: Fatih AYDIN | F7: Kapak 2 - 4
C8: Hakan ARZU | D8: Kapak 2 - 4
C9: Mehmet Zeki ERTÜRK | D9: Kapak 2 - 4
C10: Atilla ALKAN | D10: Kapak 2 - 4
C11: Ferhat KARAOĞLAN | D11: Kapak 2 - 4
C12: Yavuz TAŞ | D12: Kapak 2 - 4
C13: Uğur ERKEN | D13: Kapak 2 - 4
C14: Özkan SAĞIR | D14: Kapak 2 - 4
C15: Hasan Tecelli TEMÜZ | D15: Kapak 2 - 4
C16: Yasin YEŞİLDAĞ | D16: Kapak 2 - 4
C17: Ahmet Resul KESKİN | D17: Kapak 2 - 4
C18: Hakan KUK | D18: Kapak 2 - 4
C19: Hasan Fehmi KARACA | D19: Kapak 2 - 4
A20: 2 | B20: İşçi Alacağı Tutanağı | E20: Fatih AYDIN | F20: 1 | G20: Kemal YERLİ | H20: 1
A22: 3 | B22: Teminat Mektupları İcmalleri Fiyat Farkı İcmali Fiyat Farkı Hesabı Avans Kesintisi Takip Tabloları | C22: Osman ŞAHİN | D22: 3 - 6 | E22: Orhan KOCA | F22: 3 - 6 | G22: Kemal YERLİ | H22: 3 - 6
C23: Hakan ARZU | D23: 3 - 6 | E23: Fatih AYDIN | F23: 3 - 6
C24: Atilla ALKAN | D24: 3 - 4 | E24: Yılmaz SATI | F24: 5 - 6
C25: Yasin YEŞİLDAĞ | D25: 5 - 6 | E25: Aybüke YEĞEN | F25: 5 - 6
A27: 4 | B27: Yapılan İşler İcmali | C27: Osman ŞAHİN | D27: 8 - 17 / 31 / 33 | E27: Orhan KOCA | F27: 8-38 | G27: Kemal YERLİ | H27: 8 - 38
C28: Hakan ARZU | D28: 19 - 30 / 32 - 38 | E28: Fatih AYDIN | F28: 19 - 30 / 32 - 38
C29: Mehmet Zeki ERTÜRK | D29: 27-30 / 37 | E29: Yılmaz SATI | F29: 8-38
C30: Atilla ALKAN | D30: 8 - 10 | E30: Aybüke YEĞEN | F30: 8-38
C31: Ferhat KARAOĞLAN | D31: 23 - 26 / 28
C32: Yavuz TAŞ | D32: 18 - 23 / 26 / 33-36
C33: Özkan SAĞIR | D33: 8 - 12
C34: Hasan Tecelli TEMÜZ | D34: 8 - 10/ 31
C35: Yasin YEŞİLDAĞ | D35: 11 - 12
C36: Ahmet Resul KESKİN | D36: 13 - 17 / 33
C37: Hakan KUK | D37: 13 - 17 / 33
A38: 5 | B38: Yeşil Defter | C38: Osman ŞAHİN | D38: 39 | E38: Orhan KOCA | F38: 39 - 63 | G38: Kemal YERLİ | H38: 41 - 64
C39: Hakan ARZU | D39: 39 / 58 / 63 | E39: Fatih AYDIN | F39: 48-63
C40: Mehmet Zeki ERTÜRK | D40: 39 / 54-56 / 62 | E40: Sinan GENÇTÜRK | F40: 40-47/63
C41: Atilla ALKAN | D41: 39-41 | E41: Selami IŞIK | F41: 41/43
C42: Ferhat KARAOĞLAN | D42: 39 / 51-53 / 55 | E42: Ceyda Sena BALABAN | F42: 41
C43: Yavuz TAŞ | D43: 39 / 48-51 / 53 / 59-61
C44: Özkan SAĞIR | D44: 39-42
C45: Hasan Tecelli TEMÜZ | D45: 39-41/57
C46: Yasin YEŞİLDAĞ | D46: 39 / 42-43
C47: Ahmet Resul KESKİN | D47: 39 / 44-47/ 59
C48: Hakan KUK | D48: 39 / 44-47/ 59
A49: 6 | B49: Metrajlar | C49: Mehmet Zeki ERTÜRK | E49: Fatih AYDIN | G49: Kemal YERLİ | H49: Tüm Metrajlar
C50: Atilla ALKAN | E50: Sinan GENÇTÜRK | F50: 72-186
C51: Ferhat KARAOĞLAN | E51: Selami IŞIK | F51: 65-70
C52: Yavuz TAŞ | E52: Ceyda Sena BALABAN
C53: Özkan SAĞIR | D53: 72-186
C54: Hasan Tecelli TEMÜZ
C55: Yasin YEŞİLDAĞ | D55: 65-70
C56: Ahmet Resul KESKİN
C57: Hakan KUK
A58: 7 | B58: Tutanaklar | C58: Özkan SAĞIR | D58: 72-186 | E58: Sinan GENÇTÜRK | F58: 72-186 | G58: Kemal YERLİ | H58: Tüm Metrajlar

Sheet Ön Yazı
B17: Sözleşmemiz Aylık Hakediş Raporları ve Düzenlenmesi 33.36 maddesine istinaden 12.12.2024 Tarihli Ortaklık Tespit Belgesinde yer alan bilgilerde bugüne kadar değişiklik olmadığını ve ortağımıza ait iş deneyimini gösteren belgelerin tamamını, başka bir tüzel kişiye kullandırılmadığını taahhüt ederiz.

Sheet NT Ksnt Tkp (Çıktı Alınmayacak)
A3: T.C.
A4: İstanbul Büyükşehir Belediyesi
A5: Raylı Sistem Daire Başkanlığı Avrupa Yakası Raylı Sistem Müdürlüğü
A7: Kirazlı-Halkalı Üniversite Metro Hattı İnşaat Ve Elektromekanik İşler İle M1 Hattı Elektromekanik Sistemleri Yapım İşi
A9: NAKİT TEMİNAT KESİNTİ TAKİP TABLOSU
I11: Hakediş No : | J11: =+Veri!$C$21 -> 6
I12: Hakediş Tarihi : | J12: =+Veri!$C$22 -> 46142
B14: Mektup Türü | C14: Mektup Değeri (TL) | D14: Teminat Kümülatif Tutar (TL) | F14: Alınış Tarihi | G14: Geçerlilik Tarihi | H14: Alındığı Banka | I14: Mektup No | J14: Verildiği Hakediş No
B15: Kesin Teminat Mektubu | C15: 164542.47 | D15: =+C15 -> 164542.47 | F15: 45768 | G15: 48233 | H15: Halkbank | I15: 0614MW028860 | J15: 1
B16: Kesin Teminat Mektubu | C16: 329134.32 | D16: =+D15+C16 -> 493676.79 | F16: 45768 | G16: 48233 | H16: Halkbank | I16: 1451MW016535 | J16: 1
B17: Kesin Teminat Mektubu | C17: 349965 | D17: =+D16+C17 -> 843641.79 | F17: 45894 | G17: 48233 | H17: Halkbank | I17: 0614MW029539 | J17: 2
B18: Kesin Teminat Mektubu | C18: 700035 | D18: =+D17+C18 -> 1543676.8 | F18: 45894 | G18: 48233 | H18: Halkbank | I18: 1451MW017242 | J18: 2
B19: Elle girildi | C19: 5627605.6
B30: Toplam Metkup Tutarı: | D30: =SUM(C15:C28) -> 7171282.4
B33: =+Veri!$C$21 -> 6 | F33: =+Kapak!#REF! -> #REF! | G33: TL
B34: =+Veri!$C$21 -> 6 | F34: =+ROUND(F33*0.05,2) -> #REF! | G34: TL (Sözleşme Madde 30.2 Yapılan İmalatlara Ait Tutarın %5'i) | L34: =+F34-F35 -> #REF!
B35: =+Veri!$C$21 -> 6 | F35: =+D30 -> 7171282.4 | G35: TL | M35: =+ROUND(F34-F35,2) -> #REF! | N35: TL TEMİNAT KESİNTİSİ YAPILACAKTIR.
D36: Verilmesi Gereken Toplam Mektup Tutarı | E36: =+IF(F35>F34,"<",IF(F35=F34,"=",">")) -> #REF! | F36: Verilen Toplam Mektup Tutarı olduğu için | M36: TEMİNAT KESİNTİSİ YAPILMAYACAKTIR.
B37: =+IF(M35>0,CONCATENATE(TEXT(M35,"#.##0,00"),N35),M36) -> #REF!
A40: YÜKLENİCİ | D40: DANIŞMAN | H40: İDARE
A41: Kalyon-Özgün Metro İnşaatı Adi Ortaklığı | D41: Yüksel Proje A.Ş. | H41: T.C. İstanbul Büyükşehir Belediyesi
D48: Fatih AYDIN
D49: Elektromekanik Kontrol Amiri
A56: Kemal YERLİ | D56: Orhan KOCA | H56: Osman ŞAHİN | J56: Hakan ARZU
A57: Proje Müdürü | D57: Proje Müdürü | H57: İnşaat Müdür Yardımcısı | J57: E&M Müdür Yardımcısı

Sheet EFF Ksnt Tkp(Çıktı Alınmayacak)
A3: T.C.
A4: İstanbul Büyükşehir Belediyesi
A5: Raylı Sistem Daire Başkanlığı Avrupa Yakası Raylı Sistem Müdürlüğü
A7: Kirazlı-Halkalı Üniversite Metro Hattı İnşaat Ve Elektromekanik İşler İle M1 Hattı Elektromekanik Sistemleri Yapım İşi
A9: FİYAT FARKI EK KESİN TEMİNATI KESİNTİ TAKİP TABLOSU
I11: Hakediş No : | J11: =+Veri!$C$21 -> 6
I12: Hakediş Tarihi : | J12: =+Veri!$C$22 -> 46142
B14: Mektup Türü | C14: Mektup Değeri | D14: Teminat Kümülatif Tutar | F14: Alınış Tarihi | G14: Geçerlilik Tarihi | H14: Alındığı Banka | I14: Mektup No | J14: Verildiği Hakediş No
B15: Fiyat Farkı Ek Kesin Teminat Mektubu | C15: 2913.33 | D15: =+C15 -> 2913.33 | F15: 45768 | G15: 48233 | H15: Halkbank | I15: 0614MW028859 | J15: 1
B16: Fiyat Farkı Ek Kesin Teminat Mektubu | C16: 5827.52 | D16: =+D15+C16 -> 8740.85 | F16: 45768 | G16: 48233 | H16: Halkbank | I16: 1451MW016534 | J16: 1
B17: Fiyat Farkı Ek Kesin Teminat Mektubu | C17: 59994 | D17: =+D16+C17 -> 68734.85 | F17: 45894 | G17: 48233 | H17: Halkbank | I17: 0614MW029540 | J17: 2
B18: Fiyat Farkı Ek Kesin Teminat Mektubu | C18: 120006 | D18: =+D17+C18 -> 188740.85 | F18: 45894 | G18: 48233 | H18: Halkbank | I18: 1451MW017248 | J18: 2
B19: Elle Girildi | C19: 734011.2 | D19: =+D18+C19 -> 922752.05
D20: =+D19+C20 -> 922752.05
D21: =+D20+C21 -> 922752.05
D22: =+D21+C22 -> 922752.05
D23: =+D22+C23 -> 922752.05
D24: =+D23+C24 -> 922752.05
D25: =+D24+C25 -> 922752.05
D26: =+D25+C26 -> 922752.05
D27: =+D26+C27 -> 922752.05
B30: Toplam Metkup Tutarı: | D30: =SUM(C15:C28) -> 922752.05
B33: =+Veri!$C$21 -> 6 | F33: =+#REF! -> #REF! | G33: TL | L33: =+F34-F35 -> #REF!
B34: =+Veri!$C$21 -> 6 | F34: =+ROUND(F33*0.06,2) -> #REF! | G34: TL (Sözleşme Madde 10.2.1 Toplam Fiyat Farkı Tutarının %6'sı)
B35: =+Veri!$C$21 -> 6 | F35: =+D30 -> 922752.05 | G35: TL | M35: =+ROUND(F34-F35,2) -> #REF! | N35: TL TEMİNAT KESİNTİSİ YAPILACAKTIR.
D36: Verilmesi Gereken Toplam Mektup Tutarı | E36: =+IF(F35>F34,"<",IF(F35=F34,"=",">")) -> #REF! | F36: Verilen Toplam Mektup Tutarı olduğu için | M36: TEMİNAT KESİNTİSİ YAPILMAYACAKTIR.
B37: =+IF(M35>0,CONCATENATE(TEXT(M35,"#.##0,00"),N35),M36) -> #REF!
A40: YÜKLENİCİ | D40: DANIŞMAN | H40: İDARE
A41: Kalyon-Özgün Metro İnşaatı Adi Ortaklığı | D41: Yüksel Proje A.Ş. | H41: T.C. İstanbul Büyükşehir Belediyesi
D48: Fatih AYDIN
D49: Elektromekanik Kontrol Amiri
A56: Kemal YERLİ | D56: Orhan KOCA | H56: Osman ŞAHİN | J56: Hakan ARZU
A57: Proje Müdürü | D57: Proje Müdürü | H57: İnşaat Müdür Yardımcısı | J57: E&M Müdür Yardımcısı

Sheet İşçi Alacak
C3: İŞÇİ ALACAĞI OLMADIĞINA DAİR TUTANAK
C6: İşin Adı | D6: : | E6: Kirazlı-Halkalı Üniversite Metro Hattı İnşaat Ve Elektromekanik İşler İle M1 Hattı Elektromekanik Sistemleri Yapım İşi | S6: T.C. İstanbul Büyükşehir Belediye Başkanlığı'nca ihale edilen, Yüklenici Kalyon-Özgün Metro İnşaatı Adi Ortaklığı Ticari İşletmesi'nin taahhüdü altında yapımı devam eden "Kirazlı-Halkalı Üniversite Metro Hattı İnşaat Ve Elektromekanik İşler İle M1 Hattı Elektromekanik Sistemleri Yapım İşi" ile ilgili
C7: İdare | D7: : | E7: T.C. İstanbul Büyükşehir Belediyesi Raylı Sistem Daire Başkanlığı Avrupa Yakası Raylı Sistem Müdürlüğü | S7: =+TEXT(E12,"gg.aa.yyyy") -> 30.04.2026
C8: Danışman | D8: : | E8: Yüksel Proje A.Ş. | S8: tarihi itibarı ile düzenlenecek hakediş için
C9: Yüklenici | D9: : | E9: Kalyon-Özgün Metro İnşaatı Adi Ortaklığı Ticari İşletmesi | S9: =+TEXT(E12-9,"gg.aa.yyyy") -> 21.04.2026
C10: İhale Bedeli | D10: : | E10: 21.982.861.000,00 TL + KDV | S10: tarihinde 4857 sayılı iş kanununun 36. maddesine göre işçi alacakları ile ilgili ilan yapılmıştır.
C11: Tutanak No'su | D11: : | E11: =+Veri!$C$21 -> 6
C12: Tutanak Tarihi | D12: : | E12: =+Veri!C22 -> 46142 | S12: Buna göre,
S13: =+TEXT(E12,"gg.aa.yyyy") -> 30.04.2026
S14: tarihine kadar işçi alacakları ile ilgili herhangi bir müracaat yapılmamıştır.
C15: =+S6&S7&S8&S9&S10 -> T.C. İstanbul Büyükşehir Belediye Başkanlığı'nca ihale edilen, Yüklenici Kalyon-Özgün Metro İnşaatı Adi Ortaklığı Ticari İşletmesi'nin taahhüdü altında yapımı devam eden "Kirazlı-Halkalı Üniversite Metro Hattı İnşaat Ve Elektromekanik İşler İle M1 Hattı Elektromekanik Sistemleri Yapım İşi" ile ilgili 30.04.2026 tarihi itibarı ile düzenlenecek hakediş için 21.04.2026 tarihinde 4857 sayılı iş kanununun 36. maddesine göre işçi alacakları ile ilgili ilan yapılmıştır.
S18: İş bu tutanak taraflarca
C19: =+S12&S13&S14 -> Buna göre, 30.04.2026 tarihine kadar işçi alacakları ile ilgili herhangi bir müracaat yapılmamıştır. | S19: =+TEXT(E12,"gg.aa.yyyy") -> 30.04.2026
S20: tarihinde 6 nüsha olarak tanzim ve imza edilmiştir.
C21: =+S18&S19&S20 -> İş bu tutanak taraflarca 30.04.2026 tarihinde 6 nüsha olarak tanzim ve imza edilmiştir.
C24: İŞÇİ TEMSİLCİSİ | H24: YÜKLENİCİ | L24: DANIŞMAN
C34: Abdulgafur TEKİN | F34: Mehmet Ali AKGÜL | H34: Kemal YERLİ Proje Müdürü | L34: Fatih AYDIN Elektromekanik Kontrol Amiri

Sheet İlan
C4: İLAN TUTANAĞI
C7: =+M7&M8&M9 -> İdare T.C. İSTANBUL BÜYÜKŞEHİR BELEDİYESİ Raylı Sistem Daire Başkanlığı Avrupa Yakası Raylı Sistem Müdürlüğü’nce ihale edilen, Yüklenici "KALYON-ÖZGÜN METRO İNŞAATI ADİ ORTAKLIĞI TİCARİ İŞLETMESİ"nin taahhüdü altında yapımı devam eden "Kirazlı-Halkalı Üniversite Metro Hattı İnşaat Ve Elektromekanik İşler İle M1 Hattı Elektromekanik Sistemleri Yapım İşi" 'nde 6 No’lu hakediş tanzim edilecektir. | M7: İdare T.C. İSTANBUL BÜYÜKŞEHİR BELEDİYESİ Raylı Sistem Daire Başkanlığı Avrupa Yakası Raylı Sistem Müdürlüğü’nce ihale edilen, Yüklenici "KALYON-ÖZGÜN METRO İNŞAATI ADİ ORTAKLIĞI TİCARİ İŞLETMESİ"nin taahhüdü altında yapımı devam eden "Kirazlı-Halkalı Üniversite Metro Hattı İnşaat Ve Elektromekanik İşler İle M1 Hattı Elektromekanik Sistemleri Yapım İşi" 'nde
M8: =+Veri!$C$21 -> 6
M9: No’lu hakediş tanzim edilecektir.
C13: =+M13&M14&M15 -> Adı geçen işte çalışıp, Yüklenici firmadan alacağı bulunan işçilerin, 30.04.2026 tarihine kadar, alacakları olduğuna dair belgeleri ile Danışmanlığımıza müracaatları 4857 sayılı iş kanunun 36.maddesi gereği ilan olunur. | M13: Adı geçen işte çalışıp, Yüklenici firmadan alacağı bulunan işçilerin,
M14: =+TEXT(Veri!$C$22,"gg.aa.yyyy") -> 30.04.2026
M15: tarihine kadar, alacakları olduğuna dair belgeleri ile Danışmanlığımıza müracaatları 4857 sayılı iş kanunun 36.maddesi gereği ilan olunur.
H17: DANIŞMAN
H18: YÜKSEL PROJE A.Ş.

Sheet Kapak
B2: T.C.
B3: İSTANBUL BÜYÜKŞEHİR BELEDİYE BAŞKANLIĞI | U3: T.C.
B4: Raylı Sistem Dairesi Başkanlığı | U4: İSTANBUL BÜYÜKŞEHİR BELEDİYESİ
B5: Avrupa Yakası Raylı Sistem Şube Müdürlüğü
B6: Kirazlı-Halkalı Üniversite Metro Hattı İnşaat Ve Elektromekanik İşler İle M1 Hattı Elektromekanik Sistemleri Yapım İşi | U6: Raylı Sistem Dairesi Başkanlığı
U7: Avrupa Yakası Raylı Sistem Şube Müdürlüğü
I8: HAKEDİŞ NO: | J8: =+Veri!$C$21 -> 6 | U8: Kirazlı-Halkalı Üniversite Metro Hattı İnşaat Ve Elektromekanik İşler İle
B9: =+Veri!$C$22 -> 46142 | U9: M1 Hattı Elektromekanik Sistemleri Yapım İşi
B10: A | C10: )Sözleşme Fiyatlar İle Yapılan İşler Toplam Tutarı | N10: =+İcmal!AE29 -> 37210860 | O10: TL | S10: HAKEDİŞ RAPORU
B11: B | C11: )Fiyat Farkı Tutarı (Fiyat Farkı Sayfasından) | N11: =+İcmal!$AE$35 -> 10372185 | O11: TL
B12: C | C12: )Diğer İşler Tutarı | N12: =+İcmal!N39 -> 0 | O12: TL | Y12: No | Z12: : | AA12: =+Veri!$C$21 -> 6
B13: D | C13: )Toplam Tutarı ( A + B + C ) | N13: =+N10+N11+N12 -> 47583045 | O13: TL
E14: =+Veri!$C$20 -> 01.04.2026 | G14: ile | H14: =+Veri!$C$22 -> 46142 | J14: TARİHLERİ ARASINDA YAPILAN İŞLERİN | Y14: Tarihi | Z14: : | AA14: =+Veri!$C$22 -> 46142
B15: E | C15: =+J8-1 -> 5 | N15: =+İcmal!AC41 -> 0 | O15: TL
B16: F) | C16: Bu Hakedişin Tutarı ( D - E ) | N16: =+N13-N15 -> 47583045 | O16: TL | Y16: Uygulama Yılı | Z16: : | AA16: =+Veri!$C$22 -> 46142
B17: G | C17: Yatırım Teşvik Kapsamında KDV İstisna Tutarı | N17: =SUM(N18:N19) -> 0 | O17: TL
C18: I.1) Yurt İçinden Temin Edilen Makina ve Teçhizat (KDV' siz) | N18: 0 | O18: TL
C19: I.2) Yurt Dışından Temin Edilen Makina ve Teçhizat (KDV' siz) | N19: 0 | O19: TL | AA19: Kirazlı-Halkalı Üniversite Metro Hattı İnşaat Ve Elektromekanik İşler İle M1 Hattı Elektromekanik Sistemleri Yapım İşi
B20: H | C20: )Bu Hakedişte KDV Uygulanacak Tutar ( F - G ) | N20: =+N16-N17 -> 47583045 | O20: TL | S20: Yapılan İşin Adı | Z20: :
B21: I | C21: )K.D.V Tutarı ( H x %20 ) | N21: =+ROUND(N20*0.2,2) -> 9516609.1 | O21: TL
B22: J | C22: )Tahakkuk Tutarı ( H + I ) | N22: =+N16+N21 -> 57099655 | O22: TL | AA22: T.C. İSTANBUL BÜYÜKŞEHİR BELEDİYESİ
B23: K) KESİNTİLER ve MAHSUPLAR | C23: Gelir Vergisi Stopajı (H - Avans Kesintisi) x % 1 | N23: =+ROUND((N16-N28)*0.01,2) -> 475830.45 | O23: TL | S23: İşverenin Adı | Z23: : | AA23: Raylı Sistem Dairesi Başkanlığı
C24: Damga Vergisi (Muaf) | N24: 0 | O24: TL | AA24: Avrupa Yakası Raylı Sistem Şube Müdürlüğü
C25: Sosyal Sigortalar Kurumu Kesintisi | N25: 0 | O25: TL
C26: İdare Makinası Kiraları | N26: 0 | O26: TL | S26: Yüklenicinin Adı | Z26: : | AA26: Kalyon-Özgün Metro İnşaatı Adi Ortaklığı Ticari İşletmesi
C27: Gecikme Cezası | N27: 0 | O27: TL
C28: Sözleşme Avans Mahsubu ( Hakediş ve Avans Kesintisi Takip Cetveli Sayfasından) | N28: 0 | O28: TL | S28: İhale Bedeli | Z28: : | AA28: 21.982.861.000,00 TL + KDV
C29: =+"Sözleşme Nakit Teminat Kesintisi ( "&B13&" x %5 ) " &TEXT(ROUND(N13*5%,2),"0.000,00") & " TL"&" Nakit Teminat Kesintisi yerine teminat mektubu verilmiştir." -> Sözleşme Nakit Teminat Kesintisi ( D x %5 ) 2.379.152,27 TL Nakit Teminat Kesintisi yerine teminat mektubu verilmiştir. | O29: TL
C30: Fiyat Farkı Ek Kesin Teminatı (Sözleşme Madde 10.2.1) (B x %6) (Teminat Mektubu Verildiğinden Uygulanmamıştır.) | O30: TL | S30: İhale Tarihi | Z30: : | AA30: 45614
C31: KDV Kanununa göre yapılacak Tevkifatlar | O31: TL
E32: M) | F32: Kesintiler Toplamı | N32: =SUM(N23:N31) -> 475830.45 | O32: TL | S32: İhale Tenzilatı | Z32: : | AA32: -
L33: YÜKLENİCİYE ÖDENECEK TUTAR ( J - L ) | N33: =+N22-N32 -> 56623824 | O33: TL
N34: =+'Para Yazdırma'!B1 -> ElliAltıMilyonAltıyüzYirmiÜçBinSekizyüzYirmiDörtLiraYediKuruş | O34: # | S34: Sözleşme Tarihi | Z34: : | AA34: 45639
B35: N | C35: =+Veri!$C$21 -> 6 | N35: =+N33-N36 -> 47583045 | O35: TL
B36: O | C36: =+Veri!$C$21 -> 6 | N36: =+N21-N32 -> 9040778.6 | O36: TL | S36: İşyeri Teslim Tarihi | Z36: : | AA36: 45653
S38: İşyeri Başlama Tarihi | Z38: : | AA38: 45653
S40: Sözleşmeye Göre İşin Süresi | Z40: : | AA40: 1440 Gün
S42: Sözleşmeye Göre İşin Bitiş Tarihi | Z42: : | AA42: 47093
S44: Verilen Avanslar Toplamı | Z44: : | AA44: -
S46: Mahsubu Yapılan Avansın Miktarı | Z46: : | AA46: -
S48: En Son İlave Keşif Onayının Tarihi, No'su | Z48: : | AA48: -
S52: Verilen Keşif Artışları
T55: İlave Keşif % 'si | W55: İlave Keşif Tutarı | Z55: Toplam Keşif Bedeli | AD55: Toplam İhale Bedeli
S67: Süre Uzatım Kararlarının
T70: Tarihi | W70: Sayısı | Y70: Verilen Süre | AB70: İş Bitim Tarihi
T71: 46070 | W71: 414655-450 | Y71: 347 gün | AB71: 47440
S79: HAKEDİŞ RAPORU

Sheet İcmal
B2: T.C. | T2: T.C.
B3: İSTANBUL BÜYÜKŞEHİR BELEDİYE BAŞKANLIĞI | T3: İSTANBUL BÜYÜKŞEHİR BELEDİYE BAŞKANLIĞI
B4: Raylı Sistem Daire Başkanlığı | T4: Raylı Sistem Dairesi Başkanlığı
B5: Avrupa Yakası Raylı Sistem Şube Müdürlüğü | T5: Avrupa Yakası Raylı Sistem Şube Müdürlüğü
B6: Kirazlı-Halkalı Üniversite Metro Hattı İnşaat Ve Elektromekanik İşler İle M1 Hattı Elektromekanik Sistemleri Yapım İşi | T6: Kirazlı-Halkalı Üniversite Metro Hattı İnşaat Ve Elektromekanik İşler İle M1 Hattı Elektromekanik Sistemleri Yapım İşi
T7: İCMAL
B8: ="Hakediş No: "&Veri!C21&" Hakediş Tarihi: "&TEXT(Veri!C22,"gg.aa.yyyy") -> Hakediş No: 6 Hakediş Tarihi: 30.04.2026
B9: SIRA NO | C9: İLGİLİ İDARE | F9: İŞİN CİNSİ | J9: HAKEDİŞ NO | L9: FATURA TARİHİ | N9: TUTARI (TL) | U9: ="Hakediş No: "&Veri!C21&" Hakediş Tarihi: "&TEXT(Veri!C22,"gg.aa.yyyy") -> Hakediş No: 6 Hakediş Tarihi: 30.04.2026 | AC9: SÖZLEŞME FİYATLARI İLE YAPILAN İŞİN TUTARLARI (TL)
AB10: SÖZLEŞME BEDELİ (TL) | AC10: ÖNCEKİ HAKEDİŞ KÜMÜLATİF | AD10: BU HAKEDİŞ | AE10: BU HAKEDİŞ KÜMÜLATİF
B11: 1
B13: 2 | U13: 1 | V13: KABA ve İNCE İNŞAAT İŞLERİ | AB13: =SUM(AB14:AB17) -> 1.4142506e+10 | AC13: =+'Yapılan İşler İcmali'!$R$14 -> 0 | AD13: =+AE13-AC13 -> 37210860 | AE13: =+'Yapılan İşler İcmali'!$T$14 -> 37210860
U14: 01.1 | V14: Açıkta İnşaat İşleri | AB14: 4.4056996e+09 | AC14: =+'Yapılan İşler İcmali'!$R$15 -> 0 | AD14: =+AE14-AC14 -> 0 | AE14: =+'Yapılan İşler İcmali'!$T$15 -> 0
B15: 3 | U15: 01.2 | V15: Tünel İnşaat İşleri | AB15: 8.6083815e+09 | AC15: =+'Yapılan İşler İcmali'!$R$115 -> 0 | AD15: =+AE15-AC15 -> 37210860 | AE15: =+'Yapılan İşler İcmali'!$T$115 -> 37210860
U16: 01.3 | V16: Jeoteknik Ölçümler | AB16: 160312500 | AC16: =+'Yapılan İşler İcmali'!$R$158 -> 0 | AD16: =+AE16-AC16 -> 0 | AE16: =+'Yapılan İşler İcmali'!$T$158 -> 0
B17: 4 | U17: 01.4 | V17: İnce İnşaat İşleri | AB17: 9.6811216e+08 | AC17: =+'Yapılan İşler İcmali'!$R$183 -> 0 | AD17: =+AE17-AC17 -> 0 | AE17: =+'Yapılan İşler İcmali'!$T$183 -> 0
U18: 02 | V18: ELEKTRİK İŞLERİ | AB18: 1424774746 | AC18: =+'Yapılan İşler İcmali'!$R$353 -> 0 | AD18: =+AE18-AC18 -> 0 | AE18: =+'Yapılan İşler İcmali'!$T$353 -> 0
B19: 5 | U19: 03 | V19: SİNYALİZASYON SİSTEMİ | AB19: 3338487540 | AC19: =+'Yapılan İşler İcmali'!$R$489 -> 0 | AD19: =+AE19-AC19 -> 0 | AE19: =+'Yapılan İşler İcmali'!$T$489 -> 0
U20: 04 | V20: HABERLEŞME KONTROL VE SİSTEMLERİ | AB20: 419129552 | AC20: =+'Yapılan İşler İcmali'!$R$523 -> 0 | AD20: =+AE20-AC20 -> 0 | AE20: =+'Yapılan İşler İcmali'!$T$523 -> 0
B21: 6 | U21: 05 | V21: ÇEVRESEL KONTROL SİSTEMİ | AB21: 274307568 | AC21: =+'Yapılan İşler İcmali'!$R$659 -> 0 | AD21: =+AE21-AC21 -> 0 | AE21: =+'Yapılan İşler İcmali'!$T$659 -> 0
U22: 06 | V22: YARDIMCI TESİSLER | AB22: 360484829 | AC22: =+'Yapılan İşler İcmali'!$R$693 -> 0 | AD22: =+AE22-AC22 -> 0 | AE22: =+'Yapılan İşler İcmali'!$T$693 -> 0
B23: 7 | U23: 07 | V23: YÜRÜYEN MERDİVEN | AB23: 318420015 | AC23: =+'Yapılan İşler İcmali'!$R$761 -> 0 | AD23: =+AE23-AC23 -> 0 | AE23: =+'Yapılan İşler İcmali'!$T$761 -> 0
U24: 08 | V24: DEMİRYOLU İŞLERİ | AB24: 5.4711241e+08 | AC24: =+'Yapılan İşler İcmali'!$R$795 -> 0 | AD24: =+AE24-AC24 -> 0 | AE24: =+'Yapılan İşler İcmali'!$T$795 -> 0
B25: 8 | U25: 09 | V25: GENEL HİZMETLER | AB25: 221794750 | AC25: =+'Yapılan İşler İcmali'!$R$829 -> 0 | AD25: =+AE25-AC25 -> 0 | AE25: =+'Yapılan İşler İcmali'!$T$829 -> 0
U26: 10 | V26: M1A ve M1B İŞLERİ | AB26: 7.858438e+08 | AC26: =+'Yapılan İşler İcmali'!$R$866 -> 0 | AD26: =+AE26-AC26 -> 0 | AE26: =+'Yapılan İşler İcmali'!$T$866 -> 0
B27: 9 | U27: 11 | V27: DİĞER KURUM VE KURULUŞLARLA İLGİLİ İŞLER | AB27: 75000000 | AC27: =+'Yapılan İşler İcmali'!$R$1036 -> 0 | AD27: =+AE27-AC27 -> 0 | AE27: =+'Yapılan İşler İcmali'!$T$1036 -> 0
U28: 12 | V28: FATURALI GİDERLER | AB28: 75000000 | AC28: =+'Yapılan İşler İcmali'!$R$1038 -> 0 | AD28: =+AE28-AC28 -> 0 | AE28: =+'Yapılan İşler İcmali'!$T$1038 -> 0
B29: 10 | U29: A) | V29: İMALAT İŞLERİ TOPLAMI | AB29: =SUM(AB14:AB28) -> 2.1982861e+10 | AC29: =SUM(AC14:AC28) -> 0 | AD29: =+AE29-AC29 -> 37210860 | AE29: =SUM(AE14:AE28) -> 37210860
U31: B) | V31: İHZARAT İŞLERİ TOPLAMI | AC31: 0 | AD31: =+AE31-AC31 -> 0 | AE31: 0
B32: 11
V33: İMALAT ve İHZARAT TUTARI | AC33: =+AC29+AC31 -> 0 | AD33: =+AE33-AC33 -> 37210860 | AE33: =+AE29+AE31 -> 37210860
U35: C) | V35: FİYAT FARKI (Fiyat Farkı Hesabı Sayfasından) | AC35: =+'Fiyat Farkı İcmal'!P43 -> 0 | AD35: =+'Fiyat Farkı İcmal'!Q43 -> 10372185 | AE35: =+'Fiyat Farkı İcmal'!R43 -> 10372185
L37: TOPLAM | N37: =ROUND(SUM(N11:P36),2) -> 0 | U37: D) | V37: KESİNTİLER | AC37: =SUM(AC38:AC39) -> 0 | AD37: =SUM(AD38:AD39) -> 0 | AE37: =SUM(AE38:AE39) -> 0
L38: ÖNCEKİ HAKEDİŞ | N38: 0 | V38: D.1) Daha Önceki Hakedişlerde Yapılan Kesintiler | AC38: 0 | AD38: 0 | AE38: 0
L39: BU HAKEDİŞ | N39: =ROUND(+N37-N38,2) -> 0 | V39: D.2) Bu hakedişte Yapılan Kesintiler | AC39: 0 | AD39: 0 | AE39: 0
U41: E) | V41: İhale Tenzilatına Tabi Ödemeler Tutarı (A+B+C)-D | AC41: =+AC29+AC31+AC35-AC37 -> 0 | AD41: =+AD29+AD31+AD35-AD37 -> 47583045 | AE41: =+AE29+AE31+AE35-AE37 -> 47583045

Sheet Teminat Mektupları
B2: T.C.
B3: İstanbul Büyükşehir Belediyesi
B4: Raylı Sistem Dairesi Başkanlığı
B5: Avrupa Yakası Raylı Sistem Şube Müdürlüğü
B7: Kirazlı-Halkalı Üniversite Metro Hattı İnşaat Ve Elektromekanik İşler İle M1 Hattı Elektromekanik Sistemleri Yapım İşi
B10: ="Hakediş No: "&Veri!C21&" Hakediş Tarihi: "&TEXT(Veri!C22,"gg.aa.yyyy") -> Hakediş No: 6 Hakediş Tarihi: 30.04.2026
B12: TESLİM EDİLEN TEMİNAT MEKTUPLARI LİSTESİ (İhtiyat Kesintisi)
B13: Sıra No | C13: Teminat Mektubu Tarihi | D13: Teminat Mektubu Sayısı | E13: Teminat Mektubu Tutarı | F13: Teminat Mektubu Kümülatif Tutarı | G13: Teminat Mektubunu Veren Banka | H13: Açıklama | J13: Geçerlilik Tarihi
B14: 1 | M14: =+İcmal!AE41 -> 47583045
B15: 2 | M15: =+M14*0.05 -> 2379152.3
B16: 3 | M16: =+SUM(E14:E39) -> 0
B17: 4 | L17: Verilecek | M17: =+M15-M16 -> 2379152.3
B18: 5
B19: 6
B20: 7
B21: 8
B22: 9
B23: 10
B24: 11
B25: 12
B26: 13
B27: 14
B28: 15
B29: 16
... B39: 26
B40: =+Veri!$C$21 -> 6 | C40: =+"Nolu Hakediş itibarı ile toplam hakediş "&TEXT(İcmal!$AE$41,"#.##0,00")&" TL olup, "&TEXT(İcmal!$AE$41,"#.##0,00")&" x %5 = "&TEXT(ROUND(İcmal!$AE$41*0.05,2),"#.##0,00")&" TL tutarına karşılık Teminat Mektubu verilmiştir" -> Nolu Hakediş itibarı ile toplam hakediş 47.583.045,43 TL olup, 47.583.045,43 x %5 = 2.379.152,27 TL tutarına karşılık Teminat Mektubu verilmiştir
B42: YÜKLENİCİ | E42: DANIŞMAN | G42: İDARE
B43: Kalyon-Özgün Metro İnşaatı Adi Ortaklığı | E43: Yüksel Proje A.Ş. | G43: T.C. İSTANBUL BÜYÜKŞEHİR BELEDİYESİ Raylı Sistem Dairesi Başkanlığı Avrupa Yakası Raylı Sistem Şube Müdürlüğü
E56: Fatih AYDIN | G56: Atilla Alkan
E57: Elektromekanik Kontrol Amiri | G57: İnşaat Kontrol Mühendisi
B64: Kemal YERLİ | E64: Orhan KOCA | G64: Osman ŞAHİN | I64: Hakan ARZU
B65: Proje Müdürü | E65: Proje Müdürü | G65: İnşaat Müdür Yardımcısı | I65: E&M Müdür Yardımcısı

Sheet Teminat Mektupları (FF)
B2: T.C.
B3: İstanbul Büyükşehir Belediyesi
B4: Raylı Sistem Dairesi Başkanlığı
B5: Avrupa Yakası Raylı Sistem Şube Müdürlüğü
B7: Kirazlı-Halkalı Üniversite Metro Hattı İnşaat Ve Elektromekanik İşler İle M1 Hattı Elektromekanik Sistemleri Yapım İşi
B9: ="Hakediş No: "&Veri!C21&" Hakediş Tarihi: "&TEXT(Veri!C22,"gg.aa.yyyy") -> Hakediş No: 6 Hakediş Tarihi: 30.04.2026
B11: TESLİM EDİLEN KESİN TEMİNAT MEKTUPLARI LİSTESİ
B12: Sıra No | C12: Teminat Mektubu Tarihi | D12: Teminat Mektubu Sayısı | E12: Teminat Mektubu Tutarı | F12: Teminat Mektubu Kümülatif Tutarı | G12: Teminat Mektubunu Veren Banka | H12: Açıklama | J12: Geçerlilik Tarihi
B13: 1 | C13: 45639 | D13: 2024121300121256587 | E13: 8.7935841e+08 | F13: =+E13 -> 8.7935841e+08 | G13: Halkbank | J13: 48233
B14: 2 | C14: 45639 | D14: 2024121300121256627 | E14: 4.3961325e+08 | F14: =+F13+E14 -> 1318971660 | G14: Halkbank | J14: 48233
C15: =+"Sözleşme bedeli "&TEXT(Veri!$C$2,"#.##0,00")&" TL olup, "&TEXT(Veri!$C$2,"#.##0,00")&" x %6 = "&TEXT(ROUND(Veri!$C$2*0.06,2),"#.##0,00")&" TL tutarına karşılık Teminat Mektubu verilmiştir" -> Sözleşme bedeli 21.982.861.000,00 TL olup, 21.982.861.000,00 x %6 = 1.318.971.660,00 TL tutarına karşılık Teminat Mektubu verilmiştir
B16: TESLİM EDİLEN KESİN TEMİNAT MEKTUPLARI LİSTESİ (Fiyat Farkı İçin)
B18: Sıra No | C18: Teminat Mektubu Tarihi | D18: Teminat Mektubu Sayısı | E18: Teminat Mektubu Tutarı | F18: Teminat Mektubu Kümülatif Tutarı | G18: Teminat Mektubunu Veren Banka | H18: Açıklama | J18: Geçerlilik Tarihi
B19: 1 | M19: =+İcmal!AE35 -> 10372185
B20: 2 | M20: =+M19*0.06 -> 622331.1
B21: 3 | M21: =+SUM(E19:E37) -> 0
B22: 4 | L22: Verilecek | M22: =+M20-M21 -> 622331.1
B23: 5
B24: 6
B25: 7
B26: 8
B27: 9
B28: 10
B29: 11
B30: 12
B31: 13
B32: 14
B33: 15
B34: 16
... B37: 19
B38: =+Veri!$C$21 -> 6 | C38: ="Nolu Hakediş itibari ile toplam hesaplanan fiyat farkı "&TEXT('Fiyat Farkı İcmal'!$R$43,"#.##0,00")&" TL olup, "&TEXT('Fiyat Farkı İcmal'!$R$43,"#.##0,00")&" x %6 = "&TEXT(ROUND('Fiyat Farkı İcmal'!$R$43*0.06,2),"#.##0,00")&" TL tutarına karşılık Teminat Mektubu verilmiştir" -> Nolu Hakediş itibari ile toplam hesaplanan fiyat farkı 10.372.185,00 TL olup, 10.372.185,00 x %6 = 622.331,10 TL tutarına karşılık Teminat Mektubu verilmiştir
B40: YÜKLENİCİ | E40: DANIŞMAN | G40: İDARE
B41: Kalyon-Özgün Metro İnşaatı Adi Ortaklığı | E41: Yüksel Proje A.Ş. | G41: T.C. İSTANBUL BÜYÜKŞEHİR BELEDİYESİ Raylı Sistem Dairesi Başkanlığı Avrupa Yakası Raylı Sistem Şube Müdürlüğü
E54: Fatih AYDIN | G54: Atilla Alkan
E55: Elektromekanik Kontrol Amiri | G55: İnşaat Kontrol Mühendisi
B62: Kemal YERLİ | E62: Orhan KOCA | G62: Osman ŞAHİN | I62: Hakan ARZU
B63: Proje Müdürü | E63: Proje Müdürü | G63: İnşaat Müdür Yardımcısı | I63: E&M Müdür Yardımcısı

Sheet Fiyat Farkı İcmal
A3: T.C.
A4: İstanbul Büyükşehir Belediyesi
A5: Raylı Sistem Dairesi Başkanlığı
A6: Avrupa Yakası Raylı Sistem Şube Müdürlüğü
A8: Kirazlı-Halkalı Üniversite Metro Hattı İnşaat Ve Elektromekanik İşler İle M1 Hattı Elektromekanik Sistemleri Yapım İşi
A10: FİYAT FARKI İCMALİ
B11: ="Hakediş No: "&[4]Veri!C21&" Hakediş Tarihi: "&TEXT(Veri!C22,"gg.aa.yyyy") -> Hakediş No: 5 Hakediş Tarihi: 30.04.2026
B15: Hakediş No | C15: Hakediş Dönemi | D15: İmalat Dönemi | F15: Hakediş Tutarı ( Aylık ) | G15: Hakediş Tutarı ( Kümülatif ) | H15: Avans Kesintisi Tutarı | I15: Avans Kesintisi Tutarı ( Kümülatif ) | J15: İş Programı Nakit Akış (Ay ) | K15: İş Programı Nakit Akış ( Aylık ) | L15: İş Programı Nakit Akış ( Kümülatif ) | M15: İş Programı Nakit Akışına Göre Hakediş Tutarı | N15: Avans Kesintisi Tutarı | O15: Fiyat Farkına Tabi Tutar ( An ) | P15: Pn | Q15: B=0,90 | R15: B x (Pn-1) | S15: Ödenmesi Gereken Fiyat Farkı Tutarı (F = An x B x ( Pn - 1 )
F16: a | G16: b | H16: c = a x % 15,00 | I16: d | K16: e | L16: f | M16: g | N16: h = g x % 15,00 | O16: a | P16: l | Q16: m | S16: n
B17: 1 | W17: Geoteknik | X17: Tasarım
V18: =SUM(W18:Y18) -> 873600 | W18: 873600
V19: =SUM(W19:Y19) -> 873600 | W19: 873600
V20: =SUM(W20:Y20) -> 947614.63 | W20: 873600 | X20: =ROUND(6167886*0.012,2) -> 74014.63
V21: =SUM(W21:Y21) -> 799585.37 | W21: 873600 | X21: =+SUM('[5]Yapılan İşler İcmali'!T79:T84)-X20 -> -74014.63
B22: 2
B25: 3
Z28: =+H35+H34+H33+H31+H30+H29+H28+H27+H26+H24+H23+H21+H20+H19+H18 -> 0
B32: 4
B36: 5
B41: 6 | C41: 46113 | D41: 46113 | E41: =+'Yapılan İşler İcmali'!S115 -> 37210860 | F41: =+E41 -> 37210860 | J41: 46023 | K41: =+'[6]Ödenek Dağılımı Sonrası 18. (2)'!$U$74 -> 4.6610025e+08 | L41: =+'[6]Ödenek Dağılımı Sonrası 18. (2)'!$V$74 -> 1.5634392e+09 | M41: =+'[6]Ödenek Dağılımı Sonrası 18. (2)'!$V$74 -> 1.5634392e+09 | N41: =+M41*0.15*0 -> 0 | O41: =+F41 -> 37210860 | P41: =+[7]FF!$AC$32 -> 1.309712 | Q41: 0.9 | R41: =+Q41*(P41-1) -> 0.2787408 | S41: =+ROUND(O41*Q41*(P41-1),2) -> 10372185
P42: Önceki Hakediş Kümülatif | Q42: Bu Hakediş | R42: Bu Hakediş Kümülatif
B43: TOPLAM | Q43: =+R43-P43 -> 10372185 | R43: =SUM(S18:S41) -> 10372185
B46: YÜKLENİCİ | I46: DANIŞMAN | O46: İDARE
B47: Kalyon-Özgün Metro İnşaatı Adi Ortaklığı | I47: Yüksel Proje A.Ş. | O47: T.C. İSTANBUL BÜYÜKŞEHİR BELEDİYESİ Raylı Sistem Dairesi Başkanlığı Avrupa Yakası Raylı Sistem Şube Müdürlüğü
I50: Aybüke YEĞEN | L50: Yılmaz SATI
I51: Hakediş, Mukavele Takip, Kesin Hesap Kontrol Mühendisi | L51: Hakediş, Mukavele Takip, Kesin Hesap Kontrol Mühendisi
O55: Yasin YEŞİLDAĞ
I56: Fatih AYDIN | O56: Maden Kontrol Mühendisi
I57: Elektromekanik Kontrol Amiri
B62: Kemal YERLİ | I62: Orhan KOCA | O62: Osman ŞAHİN | S62: Hakan ARZU
B63: Proje Müdürü | I63: Proje Müdürü | O63: İnşaat Müdür Yardımcısı | S63: E&M Müdür Yardımcısı
C67: YÜKLENİCİ | J67: DANIŞMAN | P67: İDARE
C68: Kalyon-Özgün Metro İnşaatı Adi Ortaklığı | J68: Yüksel Proje A.Ş. | P68: T.C. İSTANBUL BÜYÜKŞEHİR BELEDİYESİ Raylı Sistem Dairesi Başkanlığı Avrupa Yakası Raylı Sistem Şube Müdürlüğü
J71: Aybüke YEĞEN | M71: Yılmaz SATI
J72: Hakediş, Mukavele Takip, Kesin Hesap Kontrol Mühendisi | M72: Hakediş, Mukavele Takip, Kesin Hesap Kontrol Mühendisi
P76: Yasin YEŞİLDAĞ
J77: Fatih AYDIN | P77: Maden Kontrol Mühendisi
J78: Elektromekanik Kontrol Amiri
C83: Kemal YERLİ | J83: Orhan KOCA | P83: Osman ŞAHİN | T83: Hakan ARZU
C84: Proje Müdürü | J84: Proje Müdürü | P84: İnşaat Müdür Yardımcısı | T84: E&M Müdür Yardımcısı

Sheet Fiyat Farkı İcmal (2)
A3: T.C.
A4: İstanbul Büyükşehir Belediyesi
A5: Raylı Sistem Dairesi Başkanlığı Avrupa Yakası Raylı Sistem Şube Müdürlüğü
A7: Kirazlı-Halkalı Üniversite Metro Hattı İnşaat Ve Elektromekanik İşler İle M1 Hattı Elektromekanik Sistemleri Yapım İşi
A9: FİYAT FARKI İCMALİ
Q10: Hakediş No : | R10: =+[8]Veri!$C$21 -> 3
Q11: Hakediş Tarihi : | R11: =+[8]Veri!$C$22 -> 45900
B14: Hakediş No | C14: Hakediş Dönemi | D14: İmalat Dönemi | E14: Hakediş Tutarı ( Aylık ) | F14: Hakediş Tutarı ( Kümülatif ) | G14: Avans Kesintisi Tutarı | H14: Avans Kesintisi Tutarı ( Kümülatif ) | I14: İş Programı Nakit Akış (Ay ) | J14: İş Programı Nakit Akış ( Aylık ) | K14: İş Programı Nakit Akış ( Kümülatif ) | L14: İş Programı Nakit Akışına Göre Hakediş Tutarı | M14: Avans Kesintisi Tutarı | N14: Fiyat Farkına Tabi Tutar ( An ) | O14: Pn | P14: B=0,90 | Q14: Ödenmesi Gereken Fiyat Farkı Tutarı (F = An x B x ( Pn - 1 ) | R14: Bir Önceki Hakediş Fiyat Farkı Tutarı | S14: Bu Hakedişte Ödenecek Fiyat Farkı Tutarı
E15: a | F15: b | G15: c = a x % 15,00 | H15: d | J15: e | K15: f | L15: g | M15: h = g x % 15,00 | N15: a | O15: l | P15: m | Q15: n | R15: o | S15: p = n - o
B16: 1 | C16: 45764 | E16: =SUM(E17:E20) -> 9873535.8 | F16: 9873535.8 | G16: =+ROUND(E17*0.15*0,2) -> 0 | H16: =+G16 -> 0 | I16: İş Programı Nakit Akış Diyagramında Bu Döneme Ait Ödenek Yer Almamaktadır. | N16: =SUM(N17:N20) -> 9873535.8 | Q16: =SUM(Q17:Q20) -> 800759.19 | R16: =SUM(R17:R20) -> 800759.19 | S16: =SUM(S17:S20) -> 0 | W16: Geoteknik | X16: Tasarım
D17: 45658 | E17: 873600 | N17: =+E17 -> 873600 | O17: =+[8]FF!$AC$20 -> 1.040261 | P17: 0.9 | Q17: =+ROUND(N17*P17*(O17-1),2) -> 31654.81 | R17: 31654.81 | S17: =+Q17-R17 -> 0 | V17: =SUM(W17:Y17) -> 873600 | W17: 873600
D18: 45689 | E18: 873600 | N18: =+E18 -> 873600 | O18: =+[8]FF!$AC$21 -> 1.061283 | P18: 0.9 | Q18: =+ROUND(N18*P18*(O18-1),2) -> 48183.15 | R18: 48183.15 | S18: =+Q18-R18 -> 0 | V18: =SUM(W18:Y18) -> 873600 | W18: 873600
D19: 45717 | E19: 947614.63 | N19: =+E19 -> 947614.63 | O19: =+[8]FF!$AC$22 -> 1.077203 | P19: 0.9 | Q19: =+ROUND(N19*P19*(O19-1),2) -> 65842.82 | R19: 65842.82 | S19: =+Q19-R19 -> 0 | V19: =SUM(W19:Y19) -> 947614.63 | W19: 873600 | X19: =ROUND(6167886*0.012,2) -> 74014.63
D20: 45748 | E20: 7178721.2 | N20: =+E20 -> 7178721.2 | O20: =+[8]FF!AC23 -> 1.101392 | P20: 0.9 | Q20: =+ROUND(N20*P20*(O20-1),2) -> 655078.41 | R20: 655078.41 | S20: =+Q20-R20 -> 0 | V20: =SUM(W20:Y20) -> 7178721.2 | W20: 873600 | X20: =+SUM('[8]Yapılan İşler İcmali'!Q67:Q72)-X19 -> 6305121.2
B21: 2 | C21: 45838 | E21: =SUM(E22:E23) -> 22146367 | F21: =+[8]İcmal!AA28 -> 32019903 | G21: =+ROUND(E22*0.15*0,2) -> 0 | H21: =+G21 -> 0 | I21: 45778 | J21: 3.4736862e+08 | K21: 3.4736862e+08 | L21: =+J21 -> 3.4736862e+08 | M21: =+L21*0.15*0 -> 0 | N21: =SUM(N22:N23) -> 22146367 | Q21: =SUM(Q22:Q23) -> 2417479.7 | R21: =SUM(R22:R23) -> 2417479.7 | S21: =SUM(S22:S23) -> 0 | V21: =SUM(V17:V20) -> 9873535.8 | W21: =+E16-V21 -> 0
D22: 45778 | E22: 873600 | I22: 45778 | J22: 3.4736862e+08 | K22: 3.4736862e+08 | L22: 3.4736862e+08 | M22: =+L22*0.15*0 -> 0 | N22: =+E22 -> 873600 | O22: =+[8]FF!AC24 -> 1.121288 | P22: 0.9 | Q22: =+ROUND(N22*P22*(O22-1),2) -> 95361.48 | R22: 95361.48 | S22: =+Q22-R22 -> 0
D23: 45809 | E23: 21272767 | M23: =+L23*0.15*0 -> 0 | N23: =+E23 -> 21272767 | O23: =+[8]FF!AC24 -> 1.121288 | P23: 0.9 | Q23: =+ROUND(N23*P23*(O23-1),2) -> 2322118.2 | R23: 2322118.2 | S23: =+Q23-R23 -> 0
B24: 3 | C24: 45839 | E24: =SUM(E25:E27) -> 3.1534872e+08 | F24: =+E16+E21+E24 -> 3.4736862e+08 | I24: 45778 | J24: 3.4736862e+08 | K24: 3.4736862e+08 | L24: 3.4736862e+08 | N24: =+E24 -> 3.1534872e+08 | P24: =+[8]FF!AC24 -> 1.121288 | Q24: =SUM(Q25:Q27) -> 34423214 | R24: =SUM(R25:R27) -> 0 | S24: =+Q24-R24 -> 34423214
D25: 45839 | E25: 1.1121871e+08 | I25: 45778 | J25: 3.4736862e+08 | K25: 3.4736862e+08 | L25: 3.4736862e+08 | M25: =+L25*0.15*0 -> 0 | N25: =+E25 -> 1.1121871e+08 | O25: =+[8]FF!AC24 -> 1.121288 | P25: 0.9 | Q25: =+ROUND(N25*P25*(O25-1),2) -> 12140545 | R25: 0 | S25: =+Q25-R25 -> 12140545
D26: 45870 | E26: 1.8568156e+08 | M26: =+L26*0.15*0 -> 0 | N26: =+E26 -> 1.8568156e+08 | O26: =+[8]FF!AC24 -> 1.121288 | P26: 0.9 | Q26: =+ROUND(N26*P26*(O26-1),2) -> 20268851 | R26: 0 | S26: =+Q26-R26 -> 20268851 | V26: 3.4736862e+08 | W26: =+N25+N26+N23+N22+N20+N19+N18+N17 -> 3.2892017e+08 | X26: =V26-W26 -> 18448449
D27: 45901 | E27: =+X26 -> 18448449 | M27: =+L27*0.15*0 -> 0 | N27: =+E27 -> 18448449 | O27: =+[8]FF!AC24 -> 1.121288 | P27: 0.9 | Q27: =+ROUND(N27*P27*(O27-1),2) -> 2013818 | R27: 0 | S27: =+Q27-R27 -> 2013818 | V27: =+[8]İcmal!AC32 -> 5.5163797e+08 | W27: =V27-V26 -> 2.0426935e+08
E28: =SUM(E29) -> 2.0426935e+08 | F28: =+[8]İcmal!AC28 -> 5.5163797e+08 | I28: 45810 | J28: 4.4097968e+08 | K28: 7.883483e+08 | L28: 7.883483e+08 | N28: =+E28 -> 2.0426935e+08 | P28: =+[8]FF!AC25 -> 1.152263 | Q28: =SUM(Q29) -> 27992397 | R28: =SUM(R29) -> 0 | S28: =+Q28-R28 -> 27992397
D29: 45902 | E29: =+W27 -> 2.0426935e+08 | I29: 45810 | J29: 4.4097968e+08 | K29: 7.883483e+08 | L29: 7.883483e+08 | M29: =+L29*0.15*0 -> 0 | N29: =+E29 -> 2.0426935e+08 | O29: =+[8]FF!AC25 -> 1.152263 | P29: 0.9 | Q29: =+ROUND(N29*P29*(O29-1),2) -> 27992397 | R29: 0 | S29: =+Q29-R29 -> 27992397
B33: TOPLAM | Q33: =+Q16+Q21+Q24+Q28 -> 65633850 | R33: =+R16+R21+R24 -> 3218238.9 | S33: =+S16+S21+S24+S28 -> 62415611
S35: Yapılacak ilk iş programında ödenek dilimleri güncellenecektir.
B40: YÜKLENİCİ | H40: DANIŞMAN | N40: İDARE
B41: Kalyon-Özgün Metro İnşaatı Adi Ortaklığı | H41: Yüksel Proje A.Ş. | N41: T.C. İstanbul Büyükşehir Belediyesi
H48: Sinan GENÇTÜRK | K48: Fatih AYDIN
H49: NATM Tünel Şefi | K49: Elektromekanik Kontrol Amiri
B56: Kemal YERLİ | H56: Orhan KOCA | N56: Osman ŞAHİN | Q56: Hakan ARZU
B57: Proje Müdürü | H57: Proje Müdürü | N57: İnşaat Müdür Yardımcısı | Q57: E&M Müdür Yardımcısı

Sheet FF 2502
B3: T.C.
B4: İstanbul Büyükşehir Belediyesi
B5: Raylı Sistem Daire Başkanlığı Avrupa Yakası Raylı Sistem Müdürlüğü
B7: Kirazlı-Halkalı Üniversite Metro Hattı İnşaat Ve Elektromekanik İşler İle M1 Hattı Elektromekanik Sistemleri Yapım İşi
B9: FİYAT FARKI HESABI
Y10: Hakediş No : | Z10: =+Veri!$C$21 -> 6
I11: ŞUBAT 2025 DÖNEMİ HESAPLAMASI | Y11: Hakediş Tarihi : | Z11: =+Veri!$C$22 -> 46142
C14: Pn | D14: = | E14: a | F14: İn | G14: + | H14: b1 | I14: Çn | J14: + | K14: b2 | L14: Dn | M14: + | N14: b3 | O14: Ayn | P14: + | Q14: b4 | R14: Yn | S14: + | T14: b5 | U14: Kn | V14: + | W14: b6 | X14: Gn | Y14: + | Z14: c | AA14: Mn
F15: İo | I15: Ço | L15: Do | O15: Ayo | R15: Yo | U15: Ko | X15: Go | AA15: Mo
C18: Pn | D18: = | E18: 0.15 | F18: 2883.75 | G18: + | H18: 0.18 | I18: 4641.23 | J18: + | K18: 0.2 | L18: 5462.92 | M18: + | N18: 0.14 | O18: 46.774 | P18: + | Q18: 0.01 | R18: 7114.2 | S18: + | T18: 0.05 | U18: 2936.95 | V18: + | W18: 0.1 | X18: 3943.01 | Y18: + | Z18: 0.17 | AA18: 2808.87 | AD18: =+ROUND((E18*F18/F19+H18*I18/I19+K18*L18/L19+N18*O18/O19+Q18*R18/R19+T18*U18/U19+W18*X18/X19+Z18*AA18/AA19),6) -> 1.061283
F19: 2657.23 | I19: 4382.41 | L19: 5420.45 | O19: 42.87 | R19: 6482.77 | U19: 2785.67 | X19: 3731.43 | AA19: 2592.48
C22: Pn | D22: = | E22: =+AD18 -> 1.061283
A26: YÜKLENİCİ | I26: DANIŞMAN | R26: İDARE
A27: Kalyon-Özgün Metro İnşaatı Adi Ortaklığı | I27: Yüksel Proje A.Ş. | R27: T.C. İstanbul Büyükşehir Belediyesi
I33: Aybüke YEĞEN Hakediş, Mukavele Takip, Kesin Hesap Kontrol Mühendisi
A42: Kemal YERLİ | I42: Osman Taha UYANIK | R42: Osman ŞAHİN | X42: Hakan ARZU
A43: Proje Müdürü | I43: Proje Müdür Vekili | R43: İnşaat Müdür Yardımcısı | X43: E&M Müdür Yardımcısı

Sheet FF 2503
B3: T.C.
B4: İstanbul Büyükşehir Belediyesi
B5: Raylı Sistem Daire Başkanlığı Avrupa Yakası Raylı Sistem Müdürlüğü
B7: Kirazlı-Halkalı Üniversite Metro Hattı İnşaat Ve Elektromekanik İşler İle M1 Hattı Elektromekanik Sistemleri Yapım İşi
B9: FİYAT FARKI HESABI
Y10: Hakediş No : | Z10: =+Veri!$C$21 -> 6
I11: MART 2025 DÖNEMİ HESAPLAMASI | Y11: Hakediş Tarihi : | Z11: =+Veri!$C$22 -> 46142
C14: Pn | D14: = | E14: a | F14: İn | G14: + | H14: b1 | I14: Çn | J14: + | K14: b2 | L14: Dn | M14: + | N14: b3 | O14: Ayn | P14: + | Q14: b4 | R14: Yn | S14: + | T14: b5 | U14: Kn | V14: + | W14: b6 | X14: Gn | Y14: + | Z14: c | AA14: Mn
F15: İo | I15: Ço | L15: Do | O15: Ayo | R15: Yo | U15: Ko | X15: Go | AA15: Mo
C18: Pn | D18: = | E18: 0.15 | F18: 2954.69 | G18: + | H18: 0.18 | I18: 4700.89 | J18: + | K18: 0.2 | L18: 5566.78 | M18: + | N18: 0.14 | O18: 45.9207 | P18: + | Q18: 0.01 | R18: 6895.61 | S18: + | T18: 0.05 | U18: 3052.11 | V18: + | W18: 0.1 | X18: 4017.3 | Y18: + | Z18: 0.17 | AA18: 2880.53 | AD18: =+ROUND((E18*F18/F19+H18*I18/I19+K18*L18/L19+N18*O18/O19+Q18*R18/R19+T18*U18/U19+W18*X18/X19+Z18*AA18/AA19),6) -> 1.077203
F19: 2657.23 | I19: 4382.41 | L19: 5420.45 | O19: 42.87 | R19: 6482.77 | U19: 2785.67 | X19: 3731.43 | AA19: 2592.48
C22: Pn | D22: = | E22: =+AD18 -> 1.077203
A26: YÜKLENİCİ | I26: DANIŞMAN | R26: İDARE
A27: Kalyon-Özgün Metro İnşaatı Adi Ortaklığı | I27: Yüksel Proje A.Ş. | R27: T.C. İstanbul Büyükşehir Belediyesi
I33: Aybüke YEĞEN Hakediş, Mukavele Takip, Kesin Hesap Kontrol Mühendisi
A42: Kemal YERLİ | I42: Osman Taha UYANIK | R42: Osman ŞAHİN | X42: Hakan ARZU
A43: Proje Müdürü | I43: Proje Müdür Vekili | R43: İnşaat Müdür Yardımcısı | X43: E&M Müdür Yardımcısı

Sheet FF
B3: T.C.
B4: İstanbul Büyükşehir Belediyesi
B5: Raylı Sistem Dairesi Başkanlığı Avrupa Yakası Raylı Sistem Şube Müdürlüğü
B7: Kirazlı-Halkalı Üniversite Metro Hattı İnşaat Ve Elektromekanik İşler İle M1 Hattı Elektromekanik Sistemleri Yapım İşi
B9: FİYAT FARKI HESABI
B11: ="Hakediş No: "&[4]Veri!C21&" Hakediş Tarihi: "&TEXT(Veri!C22,"gg.aa.yyyy") -> Hakediş No: 5 Hakediş Tarihi: 30.04.2026
C14: Pn | D14: = | E14: a | F14: İn | G14: + | H14: b1 | I14: Çn | J14: + | K14: b2 | L14: Dn | M14: + | N14: b3 | O14: Ayn | P14: + | Q14: b4 | R14: Yn | S14: + | T14: b5 | U14: Kn | V14: + | W14: b6 | X14: Gn | Y14: + | Z14: c | AA14: Mn
F15: İo | I15: Ço | L15: Do | O15: Ayo | R15: Yo | U15: Ko | X15: Go | AA15: Mo
B17: Fiyat Farkı Dönemi | E17: a | F17: İ | H17: b1 | I17: Ç | K17: b2 | L17: D | N17: b3 | O17: Ay | Q17: b4 | R17: Y | T17: b5 | U17: K | W17: b6 | X17: G | Z17: c | AA17: M | AC17: Pn
B19: Kasım 2024 (o) | E19: 0.15 | F19: 2657.23 | H19: 0.18 | I19: 4382.41 | K19: 0.2 | L19: 5420.45 | N19: 0.14 | O19: 42.87 | Q19: 0.01 | R19: 6482.77 | T19: 0.05 | U19: 2785.67 | W19: 0.1 | X19: 3731.43 | Z19: 0.17 | AA19: 2592.48 | AC19: 1
B20: Ocak 2025 | E20: 0.15 | F20: 2819.65 | H20: 0.18 | I20: 4537.23 | K20: 0.2 | L20: 5406.99 | N20: 0.14 | O20: 46.29363 | Q20: 0.01 | R20: 6911.75 | T20: 0.05 | U20: 2903.1 | W20: 0.1 | X20: 3861.33 | Z20: 0.17 | AA20: 2711.42 | AC20: =+ROUND((E20*F20/$F$19+H20*I20/$I$19+K20*L20/$L$19+N20*O20/$O$19+Q20*R20/$R$19+T20*U20/$U$19+W20*X20/$X$19+Z20*AA20/$AA$19),6) -> 1.040262
B21: Şubat 2025 | E21: 0.15 | F21: 2883.75 | H21: 0.18 | I21: 4641.23 | K21: 0.2 | L21: 5462.92 | N21: 0.14 | O21: 46.77402 | Q21: 0.01 | R21: 7114.2 | T21: 0.05 | U21: 2936.95 | W21: 0.1 | X21: 3943.01 | Z21: 0.17 | AA21: 2808.87 | AC21: =+ROUND((E21*F21/$F$19+H21*I21/$I$19+K21*L21/$L$19+N21*O21/$O$19+Q21*R21/$R$19+T21*U21/$U$19+W21*X21/$X$19+Z21*AA21/$AA$19),6) -> 1.061283
B22: Mart 2025 | E22: 0.15 | F22: 2954.69 | H22: 0.18 | I22: 4700.89 | K22: 0.2 | L22: 5566.78 | N22: 0.14 | O22: 45.92065 | Q22: 0.01 | R22: 6895.61 | T22: 0.05 | U22: 3052.11 | W22: 0.1 | X22: 4017.3 | Z22: 0.17 | AA22: 2880.53 | AC22: =+ROUND((E22*F22/$F$19+H22*I22/$I$19+K22*L22/$L$19+N22*O22/$O$19+Q22*R22/$R$19+T22*U22/$U$19+W22*X22/$X$19+Z22*AA22/$AA$19),6) -> 1.077203
B23: Nisan 2025 | E23: 0.15 | F23: 3043.23 | H23: 0.18 | I23: 4743.75 | K23: 0.2 | L23: 5750.9 | N23: 0.14 | O23: 45.26088 | Q23: 0.01 | R23: 6760.36 | T23: 0.05 | U23: 3183.49 | W23: 0.1 | X23: 4128.19 | Z23: 0.17 | AA23: 2997.5 | AC23: =+ROUND((E23*F23/$F$19+H23*I23/$I$19+K23*L23/$L$19+N23*O23/$O$19+Q23*R23/$R$19+T23*U23/$U$19+W23*X23/$X$19+Z23*AA23/$AA$19),6) -> 1.101392
B24: Mayıs 2025 | E24: 0.15 | F24: 3089.74 | H24: 0.18 | I24: 4808.92 | K24: 0.2 | L24: 5882.18 | N24: 0.14 | O24: 45.45625 | Q24: 0.01 | R24: 6752.22 | T24: 0.05 | U24: 3280.13 | W24: 0.1 | X24: 4230.69 | Z24: 0.17 | AA24: 3068.3 | AC24: =+ROUND((E24*F24/$F$19+H24*I24/$I$19+K24*L24/$L$19+N24*O24/$O$19+Q24*R24/$R$19+T24*U24/$U$19+W24*X24/$X$19+Z24*AA24/$AA$19),6) -> 1.121288
B25: Haziran 2025 | E25: 0.15 | F25: 3132.17 | H25: 0.18 | I25: 4910.55 | K25: 0.2 | L25: 5986.06 | N25: 0.14 | O25: 48.80858 | Q25: 0.01 | R25: 7297.64 | T25: 0.05 | U25: 3375.09 | W25: 0.1 | X25: 4334.94 | Z25: 0.17 | AA25: 3133.65 | AC25: =+ROUND((E25*F25/$F$19+H25*I25/$I$19+K25*L25/$L$19+N25*O25/$O$19+Q25*R25/$R$19+T25*U25/$U$19+W25*X25/$X$19+Z25*AA25/$AA$19),6) -> 1.152263
B26: Temmuz 2025 | E26: 0.15 | F26: 3196.66 | H26: 0.18 | I26: 4972.28 | K26: 0.2 | L26: 6034.24 | N26: 0.14 | O26: 53.14131 | Q26: 0.01 | R26: 7767.87 | T26: 0.05 | U26: 3481.27 | W26: 0.1 | X26: 4409.73 | Z26: 0.17 | AA26: 3218 | AC26: =+ROUND((E26*F26/$F$19+H26*I26/$I$19+K26*L26/$L$19+N26*O26/$O$19+Q26*R26/$R$19+T26*U26/$U$19+W26*X26/$X$19+Z26*AA26/$AA$19),6) -> 1.184532
B27: Ağustos 2025 | E27: 0.15 | F27: 3261.72 | H27: 0.18 | I27: 5053.99 | K27: 0.2 | L27: 6100.24 | N27: 0.14 | O27: 52.3971 | Q27: 0.01 | R27: 7625.39 | T27: 0.05 | U27: 3530.4 | W27: 0.1 | X27: 4518.89 | Z27: 0.17 | AA27: 3259.16 | AC27: =+ROUND((E27*F27/$F$19+H27*I27/$I$19+K27*L27/$L$19+N27*O27/$O$19+Q27*R27/$R$19+T27*U27/$U$19+W27*X27/$X$19+Z27*AA27/$AA$19),6) -> 1.197852
B28: Eylül 2025 | E28: 0.15 | F28: 3367.22 | H28: 0.18 | I28: 5110.09 | K28: 0.2 | L28: 6187.73 | N28: 0.14 | O28: 54.13308 | Q28: 0.01 | R28: 7854.35 | T28: 0.05 | U28: 3572.84 | W28: 0.1 | X28: 4632.89 | Z28: 0.17 | AA28: 3319.76 | AC28: =+ROUND((E28*F28/$F$19+H28*I28/$I$19+K28*L28/$L$19+N28*O28/$O$19+Q28*R28/$R$19+T28*U28/$U$19+W28*X28/$X$19+Z28*AA28/$AA$19),6) -> 1.223153
B29: Ekim 2025 | E29: 0.15 | F29: 3453.09 | H29: 0.18 | I29: 5170.07 | K29: 0.2 | L29: 6350.02 | N29: 0.14 | O29: 53.90374 | Q29: 0.01 | R29: 7797.08 | T29: 0.05 | U29: 3577.46 | W29: 0.1 | X29: 4708.2 | Z29: 0.17 | AA29: 3368.81 | AC29: =+ROUND((E29*F29/$F$19+H29*I29/$I$19+K29*L29/$L$19+N29*O29/$O$19+Q29*R29/$R$19+T29*U29/$U$19+W29*X29/$X$19+Z29*AA29/$AA$19),6) -> 1.240933
B30: Kasım 2025 | E30: 0.15 | F30: 3482.96 | H30: 0.18 | I30: 5216.99 | K30: 0.2 | L30: 6453.42 | N30: 0.14 | O30: 57.07219 | Q30: 0.01 | R30: 8398.17 | T30: 0.05 | U30: 3606.93 | W30: 0.1 | X30: 4747.63 | Z30: 0.17 | AA30: 3419.55 | AC30: =+ROUND((E30*F30/$F$19+H30*I30/$I$19+K30*L30/$L$19+N30*O30/$O$19+Q30*R30/$R$19+T30*U30/$U$19+W30*X30/$X$19+Z30*AA30/$AA$19),6) -> 1.264548
B31: Aralık 2025 | E31: 0.15 | F31: 3513.87 | H31: 0.18 | I31: 5277.72 | K31: 0.2 | L31: 6568.1 | N31: 0.14 | O31: 53.84298 | Q31: 0.01 | R31: 7739.67 | T31: 0.05 | U31: 3667.48 | W31: 0.1 | X31: 4783.04 | Z31: 0.17 | AA31: 3475.04 | AC31: =+ROUND((E31*F31/$F$19+H31*I31/$I$19+K31*L31/$L$19+N31*O31/$O$19+Q31*R31/$R$19+T31*U31/$U$19+W31*X31/$X$19+Z31*AA31/$AA$19),6) -> 1.267132
... B35: Nisan 2026 | E35: 0.15 | F35: 4028.47 | H35: 0.18 | I35: 5841.56 | K35: 0.2 | L35: 7209.79 | N35: 0.14 | O35: 74.17242 | Q35: 0.01 | R35: 14725.17 | T35: 0.05 | U35: 4068.8 | W35: 0.1 | X35: 5308.46 | Z35: 0.17 | AA35: 3813.11 | AC35: =+ROUND((E35*F35/$F$19+H35*I35/$I$19+K35*L35/$L$19+N35*O35/$O$19+Q35*R35/$R$19+T35*U35/$U$19+W35*X35/$X$19+Z35*AA35/$AA$19),6) -> 1.463635
A40: YÜKLENİCİ | I40: DANIŞMAN | R40: İDARE
A41: Kalyon-Özgün Metro İnşaatı Adi Ortaklığı | I41: Yüksel Proje A.Ş. | R41: T.C. İSTANBUL BÜYÜKŞEHİR BELEDİYESİ Raylı Sistem Dairesi Başkanlığı Avrupa Yakası Raylı Sistem Şube Müdürlüğü
I44: Aybüke YEĞEN Hakediş, Mukavele Takip, Kesin Hesap Kontrol Mühendisi | N44: Yılmaz SATI Hakediş, Mukavele Takip, Kesin Hesap Kontrol Mühendisi
I48: Fatih AYDIN | R48: Yasin YEŞİLDAĞ
I49: Elektromekanik Kontrol Amiri | R49: Maden Kontrol Mühendisi
A52: Kemal YERLİ | I52: Orhan KOCA | S52: Osman ŞAHİN | Y52: Hakan ARZU
A53: Proje Müdürü | I53: Proje Müdürü | S53: İnşaat Müdür Yardımcısı | Y53: E&M Müdür Yardımcısı

Sheet Y.İ. KAPAK
A2: T.C.
A3: İSTANBUL BÜYÜKŞEHİR BELEDİYESİ
A4: Raylı Sistem Dairesi Başkanlığı
A5: Avrupa Yakası Raylı Sistem Şube Müdürlüğü
A6: Kirazlı-Halkalı Üniversite Metro Hattı İnşaat Ve Elektromekanik İşler İle M1 Hattı Elektromekanik Sistemleri Yapım İşi
A22: YAPILAN İŞLER
A27: =+Veri!$C$21 -> 6
A30: =+[9]İcmal!B16 -> Hakediş Tarihi: | F30: =Veri!$C$22 -> 46142

Sheet Yapılan İşler Dönemsel
C2: T.C. | W2: =+'Yeşil Defter'!$K$16 -> 0
C3: İSTANBUL BÜYÜKŞEHİR BELEDİYESİ | W3: =+'Yeşil Defter'!$K$17 -> 0
C4: Raylı Sistem Dairesi Başkanlığı Avrupa Yakası Raylı Sistem Şube Müdürlüğü | W4: =+'Yeşil Defter'!$K$18 -> 0
W5: =+'Yeşil Defter'!$K$19 -> 0
C6: Kirazlı-Halkalı Üniversite Metro Hattı İnşaat Ve Elektromekanik İşler İle M1 Hattı Elektromekanik Sistemleri Yapım İşi | W6: =+'Yeşil Defter'!$K$20 -> 0
C7: YAPILAN İŞLER İCMALİ | W7: =+'Yeşil Defter'!$K$21 -> 0
T8: Hakediş Tarihi : | U8: =+Veri!$C$22 -> 46142 | W8: =+'Yeşil Defter'!$K$22 -> 0
T9: Hakediş No : | U9: =+Veri!$C$21 -> 6 | W9: =+'Yeşil Defter'!$K$23 -> 0
W10: =+'Yeşil Defter'!$K$24 -> 0
J11: 46112 | P11: TOPLAM | W11: =+'Yeşil Defter'!$K$25 -> 0
J12: İMALAT MİKTARLARI | M12: TUTAR (TL) | P12: İMALAT MİKTARLARI | S12: TUTAR (TL) | W12: =+'Yeşil Defter'!$K$26 -> 0
C13: SIRA NO | D13: POZ NO | E13: BİRİM FİYAT ADI | H13: BİRİM | I13: BİRİM FİYAT (TL) | J13: ÖNCEKİ DÖNEM | K13: BU DEFA | L13: TOPLAM | M13: ÖNCEKİ DÖNEM (TL) | N13: BU DEFA (TL) | O13: TOPLAM (TL) | P13: ÖNCEKİ DÖNEM | Q13: BU DEFA | R13: TOPLAM | S13: ÖNCEKİ DÖNEM (TL) | T13: BU DEFA (TL) | U13: TOPLAM (TL) | W13: =+'Yeşil Defter'!$K$27 -> 0
A14: Filtre | C14: KİRAZLI-HALKALI ÜNİVERSİTE METRO HATTI İNŞAAT VE ELEKTROMEKANİK İŞLER İLE M1 HATTI ELEKTROMEKANİK SİSTEMLERİ YAPIM İŞİ | W14: =+'Yeşil Defter'!$K$28 -> 0
A15: B | D15: 1- KABA ve İNCE İNŞAAT İŞLERİ | M15: =+M16+M66+M98+M292+M373+M392+M457 -> 1.4738825e+09 | N15: =+N16+N66+N98+N292+N373+N392+N457 -> #REF! | O15: =+O16+O66+O98+O292+O373+O392+O457 -> #REF! | S15: =+M15 -> 1.4738825e+09 | T15: =+T16+T66+T98+T292+T373+T392+T457 -> #REF! | U15: =+O15 -> #REF! | W15: =+'Yeşil Defter'!$K$29 -> 0
A16: 1 | D16: 1.A-AÇIKTA İNŞAAT İŞLERİ | M16: =SUM(M17:M65) -> 8968246.1 | N16: =SUM(N17:N65) -> 0 | O16: =SUM(O17:O65) -> 8968246.1 | S16: =+M16 -> 8968246.1 | T16: =+U16-S16 -> 0 | U16: =+O16 -> 8968246.1 | W16: =+'Yeşil Defter'!$K$30 -> 0
A17: 1.A | C17: 1 | D17: 001 | E17: Binaların Yıkılması | H17: m² | I17: 500 | J17: =+'Yeşil Defter Dönemsel'!L16 -> 0 | K17: =+'Yeşil Defter Dönemsel'!M16 -> 0 | L17: =+'Yeşil Defter Dönemsel'!N16 -> 0 | M17: =+ROUND($I17*J17,2) -> 0 | N17: =+ROUND($I17*K17,2) -> 0 | O17: =+ROUND($I17*L17,2) -> 0 | P17: =+#REF! -> #REF! | Q17: =+R17-P17 -> #REF! | R17: =+#REF! -> #REF! | S17: =+M17 -> 0 | T17: =+U17-S17 -> 0 | U17: =+O17 -> 0 | W17: =+'Yeşil Defter'!$K$31 -> 0 | Y17: =+'Yeşil Defter'!$K$31 -> 0
A18: 1.A | C18: 2 | D18: 002.A | E18: Demirli ve Demirsiz Betonun Kompresörle Kırılması | H18: m³ | I18: 4063 | J18: =+'Yeşil Defter Dönemsel'!L17 -> 0 | K18: =+'Yeşil Defter Dönemsel'!M17 -> 0 | L18: =+'Yeşil Defter Dönemsel'!N17 -> 0 | M18: =+ROUND($I18*J18,2) -> 0 | N18: =+ROUND($I18*K18,2) -> 0 | O18: =+ROUND($I18*L18,2) -> 0 | P18: =+#REF! -> #REF! | Q18: =+R18-P18 -> #REF! | R18: =+#REF! -> #REF! | S18: =+M18 -> 0 | T18: =+U18-S18 -> 0 | U18: =+O18 -> 0 | W18: =+'Yeşil Defter'!$K$32 -> 0
A19: 1.A | C19: 3 | D19: 002.B | E19: Demirli ve Demirsiz Betonun Ekskavatör veya Benzeri İş Makinesi ile Kırılması | H19: m³ | I19: 2000 | J19: =+'Yeşil Defter Dönemsel'!L18 -> 0 | K19: =+'Yeşil Defter Dönemsel'!M18 -> 0 | L19: =+'Yeşil Defter Dönemsel'!N18 -> 0 | M19: =+ROUND($I19*J19,2) -> 0 | N19: =+ROUND($I19*K19,2) -> 0 | O19: =+ROUND($I19*L19,2) -> 0 | P19: =+#REF! -> #REF! | Q19: =+R19-P19 -> #REF! | R19: =+#REF! -> #REF! | S19: =+M19 -> 0 | T19: =+U19-S19 -> 0 | U19: =+O19 -> 0 | W19: =+'Yeşil Defter'!$K$34 -> 0
A20: 1.A | C20: 4 | D20: 002.C | E20: Karot Delme ve Beton Kesme Makineları ile Her Türlü Betonun Kesilmesi | H20: m³ | I20: 10500 | J20: =+'Yeşil Defter Dönemsel'!L19 -> 0 | K20: =+'Yeşil Defter Dönemsel'!M19 -> 0 | L20: =+'Yeşil Defter Dönemsel'!N19 -> 0 | M20: =+ROUND($I20*J20,2) -> 0 | N20: =+ROUND($I20*K20,2) -> 0 | O20: =+ROUND($I20*L20,2) -> 0 | P20: =+#REF! -> #REF! | Q20: =+R20-P20 -> #REF! | R20: =+#REF! -> #REF! | S20: =+M20 -> 0 | T20: =+U20-S20 -> 0 | U20: =+O20 -> 0 | W20: =+'Yeşil Defter'!$K$35 -> 0
A21: 1.A | C21: 5 | D21: 003 | E21: Her tip zeminde ve kayada, her derinlikte kazı yapılması (nakliye, döküm ve kazı sırasındaki drenaj dahil) (Açık Alanda) | H21: m³ | I21: 1485 | J21: =+'Yeşil Defter Dönemsel'!L20 -> 0 | K21: =+'Yeşil Defter Dönemsel'!M20 -> 0 | L21: =+'Yeşil Defter Dönemsel'!N20 -> 0 | M21: =+ROUND($I21*J21,2) -> 0 | N21: =+ROUND($I21*K21,2) -> 0 | O21: =+ROUND($I21*L21,2) -> 0 | P21: =+#REF! -> #REF! | Q21: =+R21-P21 -> #REF! | R21: =+#REF! -> #REF! | S21: =+M21 -> 0 | T21: =+U21-S21 -> 0 | U21: =+O21 -> 0 | W21: =+'Yeşil Defter'!$K$36 -> 0
A22: 1.A | C22: 6 | D22: 004.A | E22: Kazıdan Çıkan veya Ariyetten Alınan Malzeme ile Dolgu Yapılması | H22: m³ | I22: 300 | J22: =+'Yeşil Defter Dönemsel'!L21 -> 0 | K22: =+'Yeşil Defter Dönemsel'!M21 -> 0 | L22: =+'Yeşil Defter Dönemsel'!N21 -> 0 | M22: =+ROUND($I22*J22,2) -> 0 | N22: =+ROUND($I22*K22,2) -> 0 | O22: =+ROUND($I22*L22,2) -> 0 | P22: =+#REF! -> #REF! | Q22: =+R22-P22 -> #REF! | R22: =+#REF! -> #REF! | S22: =+M22 -> 0 | T22: =+U22-S22 -> 0 | U22: =+O22 -> 0 | W22: =+'Yeşil Defter'!$K$37 -> 0
A23: 1.A | C23: 7 | D23: 004.B | E23: Kum, Çakıl, Kırma Tas ve Benzeri Malzeme ile Dolgu Yapılması | H23: m³ | I23: 1500 | J23: =+'Yeşil Defter Dönemsel'!L22 -> 0 | K23: =+'Yeşil Defter Dönemsel'!M22 -> 0 | L23: =+'Yeşil Defter Dönemsel'!N22 -> 0 | M23: =+ROUND($I23*J23,2) -> 0 | N23: =+ROUND($I23*K23,2) -> 0 | O23: =+ROUND($I23*L23,2) -> 0 | P23: =+#REF! -> #REF! | Q23: =+R23-P23 -> #REF! | R23: =+#REF! -> #REF! | S23: =+M23 -> 0 | T23: =+U23-S23 -> 0 | U23: =+O23 -> 0 | W23: =+'Yeşil Defter'!#REF! -> #REF!
A24: 1.A | C24: 8 | D24: 005 | E24: Püskürtme Beton (Açık alanda) | H24: m³ | I24: 17500 | J24: =+'Yeşil Defter Dönemsel'!L23 -> 0 | K24: =+'Yeşil Defter Dönemsel'!M23 -> 0 | L24: =+'Yeşil Defter Dönemsel'!N23 -> 0 | M24: =+ROUND($I24*J24,2) -> 0 | N24: =+ROUND($I24*K24,2) -> 0 | O24: =+ROUND($I24*L24,2) -> 0 | P24: =+#REF! -> #REF! | Q24: =+R24-P24 -> #REF! | R24: =+#REF! -> #REF! | S24: =+M24 -> 0 | T24: =+U24-S24 -> 0 | U24: =+O24 -> 0 | W24: =+'Yeşil Defter'!#REF! -> #REF!
A25: 1.A | C25: 9 | D25: 006.A | E25: 125 mm Delik İçine 14 mm Kalınlığında S420a ile Zemin Çivisi Teşkili | H25: m | I25: 1050 | J25: =+'Yeşil Defter Dönemsel'!L24 -> 0 | K25: =+'Yeşil Defter Dönemsel'!M24 -> 0 | L25: =+'Yeşil Defter Dönemsel'!N24 -> 0 | M25: =+ROUND($I25*J25,2) -> 0 | N25: =+ROUND($I25*K25,2) -> 0 | O25: =+ROUND($I25*L25,2) -> 0 | P25: =+#REF! -> #REF! | Q25: =+R25-P25 -> #REF! | R25: =+#REF! -> #REF! | S25: =+M25 -> 0 | T25: =+U25-S25 -> 0 | U25: =+O25 -> 0 | W25: =+'Yeşil Defter'!#REF! -> #REF!
A26: 1.A | C26: 10 | D26: 006.B | E26: 125 mm Delik İçine 26 mm Kalınlığında S420a ile Zemin Çivisi Teşkili | H26: m | I26: 1200 | J26: =+'Yeşil Defter Dönemsel'!L25 -> 0 | K26: =+'Yeşil Defter Dönemsel'!M25 -> 0 | L26: =+'Yeşil Defter Dönemsel'!N25 -> 0 | M26: =+ROUND($I26*J26,2) -> 0 | N26: =+ROUND($I26*K26,2) -> 0 | O26: =+ROUND($I26*L26,2) -> 0 | P26: =+#REF! -> #REF! | Q26: =+R26-P26 -> #REF! | R26: =+#REF! -> #REF! | S26: =+M26 -> 0 | T26: =+U26-S26 -> 0 | U26: =+O26 -> 0 | W26: =+'Yeşil Defter'!#REF! -> #REF!
A27: 1.A | C27: 11 | D27: 007.A | E27: L=3 m Kaya Bulonu | H27: adet | I27: 2475 | J27: =+'Yeşil Defter Dönemsel'!L26 -> 0 | K27: =+'Yeşil Defter Dönemsel'!M26 -> 0 | L27: =+'Yeşil Defter Dönemsel'!N26 -> 0 | M27: =+ROUND($I27*J27,2) -> 0 | N27: =+ROUND($I27*K27,2) -> 0 | O27: =+ROUND($I27*L27,2) -> 0 | P27: =+#REF! -> #REF! | Q27: =+R27-P27 -> #REF! | R27: =+#REF! -> #REF! | S27: =+M27 -> 0 | T27: =+U27-S27 -> 0 | U27: =+O27 -> 0 | W27: =+'Yeşil Defter'!#REF! -> #REF!
A28: 1.A | C28: 12 | D28: 007.B | E28: L=4 m Kaya Bulonu | H28: adet | I28: 3900 | J28: =+'Yeşil Defter Dönemsel'!L27 -> 0 | K28: =+'Yeşil Defter Dönemsel'!M27 -> 0 | L28: =+'Yeşil Defter Dönemsel'!N27 -> 0 | M28: =+ROUND($I28*J28,2) -> 0 | N28: =+ROUND($I28*K28,2) -> 0 | O28: =+ROUND($I28*L28,2) -> 0 | P28: =+#REF! -> #REF! | Q28: =+R28-P28 -> #REF! | R28: =+#REF! -> #REF! | S28: =+M28 -> 0 | T28: =+U28-S28 -> 0 | U28: =+O28 -> 0 | W28: =+'Yeşil Defter'!#REF! -> #REF!
A29: 1.A | C29: 13 | D29: 007.C | E29: L=5 m Kaya Bulonu | H29: adet | I29: 4125 | J29: =+'Yeşil Defter Dönemsel'!L28 -> 0 | K29: =+'Yeşil Defter Dönemsel'!M28 -> 0 | L29: =+'Yeşil Defter Dönemsel'!N28 -> 0 | M29: =+ROUND($I29*J29,2) -> 0 | N29: =+ROUND($I29*K29,2) -> 0 | O29: =+ROUND($I29*L29,2) -> 0 | P29: =+#REF! -> #REF! | Q29: =+R29-P29 -> #REF! | R29: =+#REF! -> #REF! | S29: =+M29 -> 0 | T29: =+U29-S29 -> 0 | U29: =+O29 -> 0 | W29: =+'Yeşil Defter'!#REF! -> #REF!
A30: 1.A | C30: 14 | D30: 007.D | E30: L=6 m Kaya Bulonu | H30: adet | I30: 5850 | J30: =+'Yeşil Defter Dönemsel'!L29 -> 0 | K30: =+'Yeşil Defter Dönemsel'!M29 -> 0 | L30: =+'Yeşil Defter Dönemsel'!N29 -> 0 | M30: =+ROUND($I30*J30,2) -> 0 | N30: =+ROUND($I30*K30,2) -> 0 | O30: =+ROUND($I30*L30,2) -> 0 | P30: =+#REF! -> #REF! | Q30: =+R30-P30 -> #REF! | R30: =+#REF! -> #REF! | S30: =+M30 -> 0 | T30: =+U30-S30 -> 0 | U30: =+O30 -> 0 | W30: =+'Yeşil Defter'!#REF! -> #REF!
A31: 1.A | C31: 15 | D31: 008 | E31: Kalıp (Açık Alanda) | H31: m² | I31: 3140 | J31: =+'Yeşil Defter Dönemsel'!L30 -> 0 | K31: =+'Yeşil Defter Dönemsel'!M30 -> 0 | L31: =+'Yeşil Defter Dönemsel'!N30 -> 0 | M31: =+ROUND($I31*J31,2) -> 0 | N31: =+ROUND($I31*K31,2) -> 0 | O31: =+ROUND($I31*L31,2) -> 0 | P31: =+#REF! -> #REF! | Q31: =+R31-P31 -> #REF! | R31: =+#REF! -> #REF! | S31: =+M31 -> 0 | T31: =+U31-S31 -> 0 | U31: =+O31 -> 0 | W31: =+'Yeşil Defter'!#REF! -> #REF!
A32: 1.A | C32: 16 | D32: 009.A | E32: Demirsiz C16/C20 Beton İmali ve Dökülmesi | H32: m³ | I32: 3504 | J32: =+'Yeşil Defter Dönemsel'!L31 -> 0 | K32: =+'Yeşil Defter Dönemsel'!M31 -> 0 | L32: =+'Yeşil Defter Dönemsel'!N31 -> 0 | M32: =+ROUND($I32*J32,2) -> 0 | N32: =+ROUND($I32*K32,2) -> 0 | O32: =+ROUND($I32*L32,2) -> 0 | P32: =+#REF! -> #REF! | Q32: =+R32-P32 -> #REF! | R32: =+#REF! -> #REF! | S32: =+M32 -> 0 | T32: =+U32-S32 -> 0 | U32: =+O32 -> 0 | W32: =+'Yeşil Defter'!#REF! -> #REF!
A33: 1.A | C33: 17 | D33: 009.B | E33: Demirli C30/37 Beton İmali ve Dökülmesi | H33: m³ | I33: 6114 | J33: =+'[2]Yeşil Defter Dönemsel'!AJ32 -> 0 | K33: =+'[2]Yeşil Defter Dönemsel'!AK32 -> 0 | L33: =+'[2]Yeşil Defter Dönemsel'!AL32 -> 0 | M33: =+ROUND($I33*J33,2) -> 0 | N33: =+ROUND($I33*K33,2) -> 0 | O33: =+ROUND($I33*L33,2) -> 0 | P33: =+#REF! -> #REF! | Q33: =+R33-P33 -> #REF! | R33: =+#REF! -> #REF! | S33: =+M33 -> 0 | T33: =+U33-S33 -> 0 | U33: =+O33 -> 0 | W33: =+'[2]Yeşil Defter'!T40 -> 0
A34: 1.A | C34: 17 | D34: 009.B | E34: Demirli C30/37 Beton İmali ve Dökülmesi | H34: m³ | I34: 6114 | J34: =+'Yeşil Defter Dönemsel'!L32 -> 0 | K34: =+'Yeşil Defter Dönemsel'!M32 -> 0 | L34: =+'Yeşil Defter Dönemsel'!N32 -> 0 | M34: =+ROUND($I34*J34,2) -> 0 | N34: =+ROUND($I34*K34,2) -> 0 | O34: =+ROUND($I34*L34,2) -> 0 | P34: =+#REF! -> #REF! | Q34: =+R34-P34 -> #REF! | R34: =+#REF! -> #REF! | S34: =+M34 -> 0 | T34: =+U34-S34 -> 0 | U34: =+O34 -> 0 | W34: =+'Yeşil Defter'!#REF! -> #REF!
A35: 1.A | C35: 18 | D35: 010.A | E35: Çelik Donatı (S420a) | H35: ton | I35: 75316 | J35: =+'Yeşil Defter Dönemsel'!L34 -> 0 | K35: =+'Yeşil Defter Dönemsel'!M34 -> 0 | L35: =+'Yeşil Defter Dönemsel'!N34 -> 0 | M35: =+ROUND($I35*J35,2) -> 0 | N35: =+ROUND($I35*K35,2) -> 0 | O35: =+ROUND($I35*L35,2) -> 0 | P35: =+#REF! -> #REF! | Q35: =+R35-P35 -> #REF! | R35: =+#REF! -> #REF! | S35: =+M35 -> 0 | T35: =+U35-S35 -> 0 | U35: =+O35 -> 0 | W35: =+'Yeşil Defter'!#REF! -> #REF!
A36: 1.A | C36: 19 | D36: 010.B | E36: Çelik hasır (S500) | H36: ton | I36: 87125 | J36: =+'Yeşil Defter Dönemsel'!L35 -> 0 | K36: =+'Yeşil Defter Dönemsel'!M35 -> 0 | L36: =+'Yeşil Defter Dönemsel'!N35 -> 0 | M36: =+ROUND($I36*J36,2) -> 0 | N36: =+ROUND($I36*K36,2) -> 0 | O36: =+ROUND($I36*L36,2) -> 0 | P36: =+#REF! -> #REF! | Q36: =+R36-P36 -> #REF! | R36: =+#REF! -> #REF! | S36: =+M36 -> 0 | T36: =+U36-S36 -> 0 | U36: =+O36 -> 0 | W36: =+'Yeşil Defter'!#REF! -> #REF!
A37: 1.A | C37: 20 | D37: 011.A | E37: Dikey yüzeylerde su yalıtımı uygulaması (dış yüzeye geotekstil keçe, 2 mm kalınlıklı PVC membran, uygulama yüzeyinin İdarenin uygun gördüğü malzeme ile düzeltilmesi dahil) | H37: m² | I37: 5196 | J37: =+'Yeşil Defter Dönemsel'!L36 -> 0 | K37: =+'Yeşil Defter Dönemsel'!M36 -> 0 | L37: =+'Yeşil Defter Dönemsel'!N36 -> 0 | M37: =+ROUND($I37*J37,2) -> 0 | N37: =+ROUND($I37*K37,2) -> 0 | O37: =+ROUND($I37*L37,2) -> 0 | P37: =+#REF! -> #REF! | Q37: =+R37-P37 -> #REF! | R37: =+#REF! -> #REF! | S37: =+M37 -> 0 | T37: =+U37-S37 -> 0 | U37: =+O37 -> 0 | W37: =+'Yeşil Defter'!#REF! -> #REF!
A38: 1.A | C38: 21 | D38: 011.B | E38: Temel döşemesinde su yalıtımı uygulaması (iç ve dış yüzeye geotekstil keçe, 2 mm kalınlıklı PVC membran ve hasır çelik donatılı koruma betonu dahil) | H38: m² | I38: 1535 | J38: =+'Yeşil Defter Dönemsel'!L37 -> 0 | K38: =+'Yeşil Defter Dönemsel'!M37 -> 0 | L38: =+'Yeşil Defter Dönemsel'!N37 -> 0 | M38: =+ROUND($I38*J38,2) -> 0 | N38: =+ROUND($I38*K38,2) -> 0 | O38: =+ROUND($I38*L38,2) -> 0 | P38: =+#REF! -> #REF! | Q38: =+R38-P38 -> #REF! | R38: =+#REF! -> #REF! | S38: =+M38 -> 0 | T38: =+U38-S38 -> 0 | U38: =+O38 -> 0 | W38: =+'Yeşil Defter'!#REF! -> #REF!
A39: 1.A | C39: 22 | D39: 011.C | E39: Üst döşemede su yalıtımı uygulaması (iç ve dış yüzeye geotekstil keçe, 2 mm kalınlıklı PVC membran ve hasır çelik donatılı koruma betonu dahil) | H39: m² | I39: 1462 | J39: =+'Yeşil Defter Dönemsel'!L38 -> 0 | K39: =+'Yeşil Defter Dönemsel'!M38 -> 0 | L39: =+'Yeşil Defter Dönemsel'!N38 -> 0 | M39: =+ROUND($I39*J39,2) -> 0 | N39: =+ROUND($I39*K39,2) -> 0 | O39: =+ROUND($I39*L39,2) -> 0 | P39: =+#REF! -> #REF! | Q39: =+R39-P39 -> #REF! | R39: =+#REF! -> #REF! | S39: =+M39 -> 0 | T39: =+U39-S39 -> 0 | U39: =+O39 -> 0 | W39: =+'Yeşil Defter'!#REF! -> #REF!
A40: 1.A | C40: 23 | D40: 012 | E40: Su Tutucular (Açık Alanda) | H40: m | I40: 2094 | J40: =+'Yeşil Defter Dönemsel'!L39 -> 0 | K40: =+'Yeşil Defter Dönemsel'!M39 -> 0 | L40: =+'Yeşil Defter Dönemsel'!N39 -> 0 | M40: =+ROUND($I40*J40,2) -> 0 | N40: =+ROUND($I40*K40,2) -> 0 | O40: =+ROUND($I40*L40,2) -> 0 | P40: =+#REF! -> #REF! | Q40: =+R40-P40 -> #REF! | R40: =+#REF! -> #REF! | S40: =+M40 -> 0 | T40: =+U40-S40 -> 0 | U40: =+O40 -> 0 | W40: =+'Yeşil Defter'!#REF! -> #REF!
A41: 1.A | C41: 24 | D41: 013.A | E41: Barbaros İst. İksa Yapılması | H41: m² | I41: 37481 | J41: =+'Yeşil Defter Dönemsel'!L40 -> 0 | K41: =+'Yeşil Defter Dönemsel'!M40 -> 0 | L41: =+'Yeşil Defter Dönemsel'!N40 -> 0 | M41: =+ROUND($I41*J41,2) -> 0 | N41: =+ROUND($I41*K41,2) -> 0 | O41: =+ROUND($I41*L41,2) -> 0 | P41: =+#REF! -> #REF! | Q41: =+R41-P41 -> #REF! | R41: =+#REF! -> #REF! | S41: =+M41 -> 0 | T41: =+U41-S41 -> 0 | U41: =+O41 -> 0 | W41: =+'Yeşil Defter'!#REF! -> #REF!
A42: 1.A | C42: 25 | D42: 013.B | E42: Malazgirt İst. İksa Yapılması | H42: m² | I42: 43633 | J42: =+'Yeşil Defter Dönemsel'!L41 -> 0 | K42: =+'Yeşil Defter Dönemsel'!M41 -> 0 | L42: =+'Yeşil Defter Dönemsel'!N41 -> 0 | M42: =+ROUND($I42*J42,2) -> 0 | N42: =+ROUND($I42*K42,2) -> 0 | O42: =+ROUND($I42*L42,2) -> 0 | P42: =+#REF! -> #REF! | Q42: =+R42-P42 -> #REF! | R42: =+#REF! -> #REF! | S42: =+M42 -> 0 | T42: =+U42-S42 -> 0 | U42: =+O42 -> 0 | W42: =+'Yeşil Defter'!#REF! -> #REF!
A43: 1.A | C43: 26 | D43: 013.C | E43: Fatih İst. İksa Yapılması | H43: m² | I43: 23682 | J43: =+'Yeşil Defter Dönemsel'!L42 -> 0 | K43: =+'Yeşil Defter Dönemsel'!M42 -> 0 | L43: =+'Yeşil Defter Dönemsel'!N42 -> 0 | M43: =+ROUND($I43*J43,2) -> 0 | N43: =+ROUND($I43*K43,2) -> 0 | O43: =+ROUND($I43*L43,2) -> 0 | P43: =+#REF! -> #REF! | Q43: =+R43-P43 -> #REF! | R43: =+#REF! -> #REF! | S43: =+M43 -> 0 | T43: =+U43-S43 -> 0 | U43: =+O43 -> 0 | W43: =+'Yeşil Defter'!#REF! -> #REF!
A44: 1.A | C44: 27 | D44: 013.D | E44: Halkalı Üniversite İst. İksa Yapılması | H44: m² | I44: 26351 | J44: =+'Yeşil Defter Dönemsel'!L43 -> 0 | K44: =+'Yeşil Defter Dönemsel'!M43 -> 0 | L44: =+'Yeşil Defter Dönemsel'!N43 -> 0 | M44: =+ROUND($I44*J44,2) -> 0 | N44: =+ROUND($I44*K44,2) -> 0 | O44: =+ROUND($I44*L44,2) -> 0 | P44: =+#REF! -> #REF! | Q44: =+R44-P44 -> #REF! | R44: =+#REF! -> #REF! | S44: =+M44 -> 0 | T44: =+U44-S44 -> 0 | U44: =+O44 -> 0 | W44: =+'Yeşil Defter'!#REF! -> #REF!
A45: 1.A | C45: 28 | D45: 013.E | E45: Şaftlarda İksa Yapılması | H45: m² | I45: 36167 | J45: =+'Yeşil Defter Dönemsel'!L44 -> 0 | K45: =+'Yeşil Defter Dönemsel'!M44 -> 0 | L45: =+'Yeşil Defter Dönemsel'!N44 -> 0 | M45: =+ROUND($I45*J45,2) -> 0 | N45: =+ROUND($I45*K45,2) -> 0 | O45: =+ROUND($I45*L45,2) -> 0 | P45: =+#REF! -> #REF! | Q45: =+R45-P45 -> #REF! | R45: =+#REF! -> #REF! | S45: =+M45 -> 0 | T45: =+U45-S45 -> 0 | U45: =+O45 -> 0 | W45: =+'Yeşil Defter'!#REF! -> #REF!
A46: 1.A | C46: 29 | D46: 013.F | E46: Aç-Kapa Yapılarında İksa Yapılması | H46: m² | I46: 36167 | J46: =+'Yeşil Defter Dönemsel'!L45 -> 0 | K46: =+'Yeşil Defter Dönemsel'!M45 -> 0 | L46: =+'Yeşil Defter Dönemsel'!N45 -> 0 | M46: =+ROUND($I46*J46,2) -> 0 | N46: =+ROUND($I46*K46,2) -> 0 | O46: =+ROUND($I46*L46,2) -> 0 | P46: =+#REF! -> #REF! | Q46: =+R46-P46 -> #REF! | R46: =+#REF! -> #REF! | S46: =+M46 -> 0 | T46: =+U46-S46 -> 0 | U46: =+O46 -> 0 | W46: =+'Yeşil Defter'!#REF! -> #REF!
... A54: 1.A | C54: 37 | D54: 015.D | E54: Halkalı Üniversite İstasyonunun İnşaat Alanının Eski Haline Getirilmesi veya Yeniden Düzenlenmesi İşleri (IS-05) | H54: m² | I54: 2400 | J54: =+'Yeşil Defter Dönemsel'!L53 -> 0 | K54: =+'Yeşil Defter Dönemsel'!M53 -> 0 | L54: =+'Yeşil Defter Dönemsel'!N53 -> 0 | M54: =+ROUND($I54*J54,2) -> 0 | N54: =+ROUND($I54*K54,2) -> 0 | O54: =+ROUND($I54*L54,2) -> 0 | P54: =+#REF! -> #REF! | Q54: =+R54-P54 -> #REF! | R54: =+#REF! -> #REF! | S54: =+M54 -> 0 | T54: =+U54-S54 -> 0 | U54: =+O54 -> 0 | W54: =+'Yeşil Defter'!#REF! -> #REF!
A55: 1.A | C55: 38 | D55: 016.A | E55: Barbaros İstasyonu İnşaat İşleri Tasarım Hizmetleri | H55: set | I55: 6167886 | J55: =+'Yeşil Defter Dönemsel'!I54 -> 0.2455 | K55: =+'Yeşil Defter Dönemsel'!J54 -> 0 | L55: =+'Yeşil Defter Dönemsel'!K54 -> 0.2455 | M55: =+ROUND($I55*J55,2) -> 1514216 | N55: =+ROUND($I55*K55,2) -> 0 | O55: =+ROUND($I55*L55,2) -> 1514216 | P55: =+J55 -> 0.2455 | Q55: =+R55-P55 -> 0 | R55: =+L55 -> 0.2455 | S55: =+M55 -> 1514216 | T55: =+U55-S55 -> 0 | U55: =+O55 -> 1514216 | W55: =+'Yeşil Defter'!#REF! -> #REF!
A56: 1.A | C56: 39 | D56: 016.B | E56: Malazgirt İstasyonu İnşaat İşleri Tasarım Hizmetleri | H56: set | I56: 6167886 | J56: =+'Yeşil Defter Dönemsel'!I55 -> 0.1195 | K56: =+'Yeşil Defter Dönemsel'!J55 -> 0 | L56: =+'Yeşil Defter Dönemsel'!K55 -> 0.1195 | M56: =+ROUND($I56*J56,2) -> 737062.38 | N56: =+ROUND($I56*K56,2) -> 0 | O56: =+ROUND($I56*L56,2) -> 737062.38 | P56: =+J56 -> 0.1195 | Q56: =+R56-P56 -> 0 | R56: =+L56 -> 0.1195 | S56: =+M56 -> 737062.38 | T56: =+U56-S56 -> 0 | U56: =+O56 -> 737062.38 | W56: =+'Yeşil Defter'!#REF! -> #REF!
A57: 1.A | C57: 40 | D57: 016.C | E57: Mimar Sinan İstasyonu İnşaat İşleri Tasarım Hizmetleri | H57: set | I57: 14017922 | J57: =+'Yeşil Defter Dönemsel'!I56 -> 0.2 | K57: =+'Yeşil Defter Dönemsel'!J56 -> 0 | L57: =+'Yeşil Defter Dönemsel'!K56 -> 0.2 | M57: =+ROUND($I57*J57,2) -> 2803584.4 | N57: =+ROUND($I57*K57,2) -> 0 | O57: =+ROUND($I57*L57,2) -> 2803584.4 | P57: =+J57 -> 0.2 | Q57: =+R57-P57 -> 0 | R57: =+L57 -> 0.2 | S57: =+M57 -> 2803584.4 | T57: =+U57-S57 -> 0 | U57: =+O57 -> 2803584.4 | W57: =+'Yeşil Defter'!#REF! -> #REF!
A58: 1.A | C58: 41 | D58: 016.D | E58: Fatih İstasyonu İnşaat İşleri Tasarım Hizmetleri | H58: set | I58: 14017922 | J58: =+'Yeşil Defter Dönemsel'!I57 -> 0.1255 | K58: =+'Yeşil Defter Dönemsel'!J57 -> 0 | L58: =+'Yeşil Defter Dönemsel'!K57 -> 0.1255 | M58: =+ROUND($I58*J58,2) -> 1759249.2 | N58: =+ROUND($I58*K58,2) -> 0 | O58: =+ROUND($I58*L58,2) -> 1759249.2 | P58: =+J58 -> 0.1255 | Q58: =+R58-P58 -> 0 | R58: =+L58 -> 0.1255 | S58: =+M58 -> 1759249.2 | T58: =+U58-S58 -> 0 | U58: =+O58 -> 1759249.2 | W58: =+'Yeşil Defter'!#REF! -> #REF!
A59: 1.A | C59: 42 | D59: 016.E | E59: Halkalı Üniversite İstasyonu İnşaat İşleri Tasarım Hizmetleri | H59: set | I59: 6167886 | J59: =+'Yeşil Defter Dönemsel'!I58 -> 0.1195 | K59: =+'Yeşil Defter Dönemsel'!J58 -> 0 | L59: =+'Yeşil Defter Dönemsel'!K58 -> 0.1195 | M59: =+ROUND($I59*J59,2) -> 737062.38 | N59: =+ROUND($I59*K59,2) -> 0 | O59: =+ROUND($I59*L59,2) -> 737062.38 | P59: =+J59 -> 0.1195 | Q59: =+R59-P59 -> 0 | R59: =+L59 -> 0.1195 | S59: =+M59 -> 737062.38 | T59: =+U59-S59 -> 0 | U59: =+O59 -> 737062.38 | W59: =+'Yeşil Defter'!#REF! -> #REF!
A60: 1.A | C60: 43 | D60: 016.F | E60: Kirazlı- Halkalı Üniversite Kuyruk Tüneli Arası Hat Yapıları İnşaat İşleri Tasarım Hizmetleri | H60: set | I60: 15419714 | J60: =+'Yeşil Defter Dönemsel'!I59 -> 0.0919 | K60: =+'Yeşil Defter Dönemsel'!J59 -> 0 | L60: =+'Yeşil Defter Dönemsel'!K59 -> 0.0919 | M60: =+ROUND($I60*J60,2) -> 1417071.7 | N60: =+ROUND($I60*K60,2) -> 0 | O60: =+ROUND($I60*L60,2) -> 1417071.7 | P60: =+J60 -> 0.0919 | Q60: =+R60-P60 -> 0 | R60: =+L60 -> 0.0919 | S60: =+M60 -> 1417071.7 | T60: =+U60-S60 -> 0 | U60: =+O60 -> 1417071.7 | W60: =+'Yeşil Defter'!#REF! -> #REF!
A61: 1.A | C61: 44 | D61: 017.A | E61: Barbaros İstasyonu Mimari ve İnce İşleri Tasarım Hizmetleri | H61: set | I61: 4205377 | J61: =+'Yeşil Defter Dönemsel'!I60 -> 0 | K61: =+'Yeşil Defter Dönemsel'!J60 -> 0 | L61: =+'Yeşil Defter Dönemsel'!K60 -> 0 | M61: =+ROUND($I61*J61,2) -> 0 | N61: =+ROUND($I61*K61,2) -> 0 | O61: =+ROUND($I61*L61,2) -> 0 | P61: =+J61 -> 0 | Q61: =+R61-P61 -> 0 | R61: =+L61 -> 0 | S61: =+M61 -> 0 | T61: =+U61-S61 -> 0 | U61: =+O61 -> 0 | W61: =+'Yeşil Defter'!#REF! -> #REF!
A62: 1.A | C62: 45 | D62: 017.B | E62: Malazgirt İstasyonu Mimari ve İnce İşleri Tasarım Hizmetleri | H62: set | I62: 4205377 | J62: =+'Yeşil Defter Dönemsel'!I61 -> 0 | K62: =+'Yeşil Defter Dönemsel'!J61 -> 0 | L62: =+'Yeşil Defter Dönemsel'!K61 -> 0 | M62: =+ROUND($I62*J62,2) -> 0 | N62: =+ROUND($I62*K62,2) -> 0 | O62: =+ROUND($I62*L62,2) -> 0 | P62: =+J62 -> 0 | Q62: =+R62-P62 -> 0 | R62: =+L62 -> 0 | S62: =+M62 -> 0 | T62: =+U62-S62 -> 0 | U62: =+O62 -> 0 | W62: =+'Yeşil Defter'!#REF! -> #REF!
A63: 1.A | C63: 46 | D63: 017.C | E63: Mimar Sinan İstasyonu Mimari ve İnce İşleri Tasarım Hizmetleri | H63: set | I63: 5326810 | J63: =+'Yeşil Defter Dönemsel'!I62 -> 0 | K63: =+'Yeşil Defter Dönemsel'!J62 -> 0 | L63: =+'Yeşil Defter Dönemsel'!K62 -> 0 | M63: =+ROUND($I63*J63,2) -> 0 | N63: =+ROUND($I63*K63,2) -> 0 | O63: =+ROUND($I63*L63,2) -> 0 | P63: =+J63 -> 0 | Q63: =+R63-P63 -> 0 | R63: =+L63 -> 0 | S63: =+M63 -> 0 | T63: =+U63-S63 -> 0 | U63: =+O63 -> 0 | W63: =+'Yeşil Defter'!#REF! -> #REF!
A64: 1.A | C64: 47 | D64: 017.D | E64: Fatih İstasyonu Mimari ve İnce İşleri Tasarım Hizmetleri | H64: set | I64: 5326810 | J64: =+'Yeşil Defter Dönemsel'!I63 -> 0 | K64: =+'Yeşil Defter Dönemsel'!J63 -> 0 | L64: =+'Yeşil Defter Dönemsel'!K63 -> 0 | M64: =+ROUND($I64*J64,2) -> 0 | N64: =+ROUND($I64*K64,2) -> 0 | O64: =+ROUND($I64*L64,2) -> 0 | P64: =+J64 -> 0 | Q64: =+R64-P64 -> 0 | R64: =+L64 -> 0 | S64: =+M64 -> 0 | T64: =+U64-S64 -> 0 | U64: =+O64 -> 0 | W64: =+'Yeşil Defter'!#REF! -> #REF!
A65: 1.A | C65: 48 | D65: 017.E | E65: Halkalı Üniversite İstasyonu Mimari ve İnce İşleri Tasarım Hizmetleri | H65: set | I65: 4205377 | J65: =+'Yeşil Defter Dönemsel'!I64 -> 0 | K65: =+'Yeşil Defter Dönemsel'!J64 -> 0 | L65: =+'Yeşil Defter Dönemsel'!K64 -> 0 | M65: =+ROUND($I65*J65,2) -> 0 | N65: =+ROUND($I65*K65,2) -> 0 | O65: =+ROUND($I65*L65,2) -> 0 | P65: =+J65 -> 0 | Q65: =+R65-P65 -> 0 | R65: =+L65 -> 0 | S65: =+M65 -> 0 | T65: =+U65-S65 -> 0 | U65: =+O65 -> 0 | W65: =+'Yeşil Defter'!#REF! -> #REF!
A66: 1 | D66: 1.B-TÜNEL İNŞAAT İŞLERİ | J66: =+'Yeşil Defter Dönemsel'!I65 -> 0 | K66: =+'Yeşil Defter Dönemsel'!J65 -> 0 | L66: =+'Yeşil Defter Dönemsel'!K65 -> 0 | M66: =SUM(M67:M97) -> 1.4542673e+09 | N66: =SUM(N67:N97) -> #REF! | O66: =SUM(O67:O97) -> #REF! | P66: =+J66 -> 0 | R66: =+L66 -> 0 | S66: =+M66 -> 1.4542673e+09 | T66: =+U66-S66 -> #REF! | U66: =+O66 -> #REF! | W66: =+'Yeşil Defter'!#REF! -> #REF!
A67: 1.B | C67: 49 | D67: 018 | E67: Geleneksel (NATM) Tünel Kazısı | H67: m³ | I67: 5075 | J67: =+'Yeşil Defter Dönemsel'!I66 -> 53746.188 | K67: =+'Yeşil Defter Dönemsel'!J66 -> #REF! | L67: =+'Yeşil Defter Dönemsel'!K66 -> #REF! | M67: =+ROUND($I67*J67,2) -> 2.727619e+08 | N67: =+ROUND($I67*K67,2) -> #REF! | O67: =+ROUND($I67*L67,2) -> #REF! | P67: =+J67 -> 53746.188 | Q67: =+R67-P67 -> #REF! | R67: =+L67 -> #REF! | S67: =+M67 -> 2.727619e+08 | T67: =+U67-S67 -> #REF! | U67: =+O67 -> #REF! | W67: =+'Yeşil Defter'!#REF! -> #REF!
A68: 1.B | C68: 50 | D68: 019.A | E68: Kazıdan çıkan veya Ariyetten alınan malzeme ile geri dolgu yapılması | H68: m³ | I68: 600 | J68: =+'Yeşil Defter Dönemsel'!I67 -> 0 | K68: =+'Yeşil Defter Dönemsel'!J67 -> #REF! | L68: =+'Yeşil Defter Dönemsel'!K67 -> #REF! | M68: =+ROUND($I68*J68,2) -> 0 | N68: =+ROUND($I68*K68,2) -> #REF! | O68: =+ROUND($I68*L68,2) -> #REF! | P68: =+J68 -> 0 | Q68: =+R68-P68 -> #REF! | R68: =+L68 -> #REF! | S68: =+M68 -> 0 | T68: =+U68-S68 -> #REF! | U68: =+O68 -> #REF! | W68: =+'Yeşil Defter'!#REF! -> #REF!
A69: 1.B | C69: 51 | D69: 019.B | E69: Kum, Çakıl, Kırma Tas ve Benzeri Malzeme ile Dolgu Yapılması | H69: m³ | I69: 1500 | J69: =+'Yeşil Defter Dönemsel'!I68 -> 0 | K69: =+'Yeşil Defter Dönemsel'!J68 -> #REF! | L69: =+'Yeşil Defter Dönemsel'!K68 -> #REF! | M69: =+ROUND($I69*J69,2) -> 0 | N69: =+ROUND($I69*K69,2) -> #REF! | O69: =+ROUND($I69*L69,2) -> #REF! | P69: =+J69 -> 0 | Q69: =+R69-P69 -> #REF! | R69: =+L69 -> #REF! | S69: =+M69 -> 0 | T69: =+U69-S69 -> #REF! | U69: =+O69 -> #REF! | W69: =+'Yeşil Defter'!#REF! -> #REF!
A70: 1.B | C70: 52 | D70: 020 | E70: Püskürtme Beton (Tünel ve Şaftlarda) | H70: m³ | I70: 15334 | J70: =+'Yeşil Defter Dönemsel'!I69 -> 11287.99 | K70: =+'Yeşil Defter Dönemsel'!J69 -> #REF! | L70: =+'Yeşil Defter Dönemsel'!K69 -> #REF! | M70: =+ROUND($I70*J70,2) -> 1.7309004e+08 | N70: =+ROUND($I70*K70,2) -> #REF! | O70: =+ROUND($I70*L70,2) -> #REF! | P70: =+J70 -> 11287.99 | Q70: =+R70-P70 -> #REF! | R70: =+L70 -> #REF! | S70: =+M70 -> 1.7309004e+08 | T70: =+U70-S70 -> #REF! | U70: =+O70 -> #REF! | W70: =+'Yeşil Defter'!#REF! -> #REF!
A71: 1.B | C71: 53 | D71: 021.A | E71: Delgi boyu =< 30m | H71: m | I71: 248 | J71: =+'Yeşil Defter Dönemsel'!I70 -> 0 | K71: =+'Yeşil Defter Dönemsel'!J70 -> #REF! | L71: =+'Yeşil Defter Dönemsel'!K70 -> #REF! | M71: =+ROUND($I71*J71,2) -> 0 | N71: =+ROUND($I71*K71,2) -> #REF! | O71: =+ROUND($I71*L71,2) -> #REF! | P71: =+J71 -> 0 | Q71: =+R71-P71 -> #REF! | R71: =+L71 -> #REF! | S71: =+M71 -> 0 | T71: =+U71-S71 -> #REF! | U71: =+O71 -> #REF! | W71: =+'Yeşil Defter'!#REF! -> #REF!
A72: 1.B | C72: 54 | D72: 021.B | E72: Delgi boyu > 30m | H72: m | I72: 371 | J72: =+'Yeşil Defter Dönemsel'!I71 -> 0 | K72: =+'Yeşil Defter Dönemsel'!J71 -> #REF! | L72: =+'Yeşil Defter Dönemsel'!K71 -> #REF! | M72: =+ROUND($I72*J72,2) -> 0 | N72: =+ROUND($I72*K72,2) -> #REF! | O72: =+ROUND($I72*L72,2) -> #REF! | P72: =+J72 -> 0 | Q72: =+R72-P72 -> #REF! | R72: =+L72 -> #REF! | S72: =+M72 -> 0 | T72: =+U72-S72 -> #REF! | U72: =+O72 -> #REF! | W72: =+'Yeşil Defter'!#REF! -> #REF!
A73: 1.B | C73: 55 | D73: 022.A | E73: L=3 m Kaya Bulonu | H73: adet | I73: 2250 | J73: =+'Yeşil Defter Dönemsel'!I72 -> 0 | K73: =+'Yeşil Defter Dönemsel'!J72 -> #REF! | L73: =+'Yeşil Defter Dönemsel'!K72 -> #REF! | M73: =+ROUND($I73*J73,2) -> 0 | N73: =+ROUND($I73*K73,2) -> #REF! | O73: =+ROUND($I73*L73,2) -> #REF! | P73: =+J73 -> 0 | Q73: =+R73-P73 -> #REF! | R73: =+L73 -> #REF! | S73: =+M73 -> 0 | T73: =+U73-S73 -> #REF! | U73: =+O73 -> #REF! | W73: =+'Yeşil Defter'!#REF! -> #REF!
A74: 1.B | C74: 56 | D74: 022.B | E74: L=4 m Kaya Bulonu | H74: adet | I74: 8000 | J74: =+'Yeşil Defter Dönemsel'!I73 -> 2492 | K74: =+'Yeşil Defter Dönemsel'!J73 -> #REF! | L74: =+'Yeşil Defter Dönemsel'!K73 -> #REF! | M74: =+ROUND($I74*J74,2) -> 19936000 | N74: =+ROUND($I74*K74,2) -> #REF! | O74: =+ROUND($I74*L74,2) -> #REF! | P74: =+J74 -> 2492 | Q74: =+R74-P74 -> #REF! | R74: =+L74 -> #REF! | S74: =+M74 -> 19936000 | T74: =+U74-S74 -> #REF! | U74: =+O74 -> #REF! | W74: =+'Yeşil Defter'!#REF! -> #REF!
A75: 1.B | C75: 57 | D75: 022.C | E75: L=5 m Kaya Bulonu | H75: adet | I75: 8288 | J75: =+'Yeşil Defter Dönemsel'!I74 -> 0 | K75: =+'Yeşil Defter Dönemsel'!J74 -> #REF! | L75: =+'Yeşil Defter Dönemsel'!K74 -> #REF! | M75: =+ROUND($I75*J75,2) -> 0 | N75: =+ROUND($I75*K75,2) -> #REF! | O75: =+ROUND($I75*L75,2) -> #REF! | P75: =+J75 -> 0 | Q75: =+R75-P75 -> #REF! | R75: =+L75 -> #REF! | S75: =+M75 -> 0 | T75: =+U75-S75 -> #REF! | U75: =+O75 -> #REF! | W75: =+'Yeşil Defter'!#REF! -> #REF!
A76: 1.B | C76: 58 | D76: 022.D | E76: L=6 m Kaya Bulonu | H76: adet | I76: 12000 | J76: =+'Yeşil Defter Dönemsel'!I75 -> 2074 | K76: =+'Yeşil Defter Dönemsel'!J75 -> #REF! | L76: =+'Yeşil Defter Dönemsel'!K75 -> #REF! | M76: =+ROUND($I76*J76,2) -> 24888000 | N76: =+ROUND($I76*K76,2) -> #REF! | O76: =+ROUND($I76*L76,2) -> #REF! | P76: =+J76 -> 2074 | Q76: =+R76-P76 -> #REF! | R76: =+L76 -> #REF! | S76: =+M76 -> 24888000 | T76: =+U76-S76 -> #REF! | U76: =+O76 -> #REF! | W76: =+'Yeşil Defter'!#REF! -> #REF!
A77: 1.B | C77: 59 | D77: 022.E | E77: L=8 m Kaya Bulonu | H77: adet | I77: 28000 | J77: =+'Yeşil Defter Dönemsel'!I76 -> 9774 | K77: =+'Yeşil Defter Dönemsel'!J76 -> #REF! | L77: =+'Yeşil Defter Dönemsel'!K76 -> #REF! | M77: =+ROUND($I77*J77,2) -> 273672000 | N77: =+ROUND($I77*K77,2) -> #REF! | O77: =+ROUND($I77*L77,2) -> #REF! | P77: =+J77 -> 9774 | Q77: =+R77-P77 -> #REF! | R77: =+L77 -> #REF! | S77: =+M77 -> 273672000 | T77: =+U77-S77 -> #REF! | U77: =+O77 -> #REF! | W77: =+'Yeşil Defter'!#REF! -> #REF!
A78: 1.B | C78: 60 | D78: 023.A | E78: 125 mm Delik İçine 14 mm Kalınlığında S420a ile Zemin Çivisi Teşkili | H78: m | I78: 375 | J78: =+'Yeşil Defter Dönemsel'!I77 -> 37566 | K78: =+'Yeşil Defter Dönemsel'!J77 -> #REF! | L78: =+'Yeşil Defter Dönemsel'!K77 -> #REF! | M78: =+ROUND($I78*J78,2) -> 14087250 | N78: =+ROUND($I78*K78,2) -> #REF! | O78: =+ROUND($I78*L78,2) -> #REF! | P78: =+J78 -> 37566 | Q78: =+R78-P78 -> #REF! | R78: =+L78 -> #REF! | S78: =+M78 -> 14087250 | T78: =+U78-S78 -> #REF! | U78: =+O78 -> #REF! | W78: =+'Yeşil Defter'!#REF! -> #REF!
... A97: 1.B | C97: 79 | D97: 031 | E97: TBM/EPB Tünel İnşaatı | H97: m | I97: 340200 | J97: =+'Yeşil Defter Dönemsel'!I96 -> 0 | K97: =+'Yeşil Defter Dönemsel'!J96 -> #REF! | L97: =+'Yeşil Defter Dönemsel'!K96 -> #REF! | M97: =+ROUND($I97*J97,2) -> 0 | N97: =+ROUND($I97*K97,2) -> #REF! | O97: =+ROUND($I97*L97,2) -> #REF! | P97: =+J97 -> 0 | Q97: =+R97-P97 -> #REF! | R97: =+L97 -> #REF! | S97: =+M97 -> 0 | T97: =+U97-S97 -> #REF! | U97: =+O97 -> #REF! | W97: =+'Yeşil Defter'!#REF! -> #REF!
A98: 1 | D98: 1.C-JEOTEKNİK ÖLÇÜMLER | J98: =+'Yeşil Defter Dönemsel'!I97 -> 0 | K98: =+'Yeşil Defter Dönemsel'!J97 -> 0 | L98: =+'Yeşil Defter Dönemsel'!K97 -> 0 | M98: =SUM(M99:M101) -> 10647000 | N98: =SUM(N99:N101) -> 7816537.5 | O98: =SUM(O99:O101) -> 18463538 | P98: =+J98 -> 0 | R98: =+L98 -> 0 | S98: =+M98 -> 10647000 | T98: =+U98-S98 -> 7816537.5 | U98: =+O98 -> 18463538 | W98: =+'Yeşil Defter'!#REF! -> #REF!
A99: 1.C | C99: 80 | D99: 032 | E99: Araştırma Sondajı Yapılması ve Raporları | H99: m | I99: 3750 | J99: =+'Yeşil Defter Dönemsel'!I98 -> 0 | K99: =+'Yeşil Defter Dönemsel'!J98 -> 0 | L99: =+'Yeşil Defter Dönemsel'!K98 -> 0 | M99: =+ROUND($I99*J99,2) -> 0 | N99: =+ROUND($I99*K99,2) -> 0 | O99: =+ROUND($I99*L99,2) -> 0 | P99: =+J99 -> 0 | Q99: =+R99-P99 -> 0 | R99: =+L99 -> 0 | S99: =+M99 -> 0 | T99: =+U99-S99 -> 0 | U99: =+O99 -> 0 | W99: =+'Yeşil Defter'!#REF! -> #REF!
A100: 1.C | C100: 81 | D100: 033 | E100: Geomekanik İzleme Aletleri temini ve montajı | H100: set | I100: 108000000 | J100: =+'Yeşil Defter Dönemsel'!I99 -> 0 | K100: =+'Yeşil Defter Dönemsel'!J99 -> 0.065803125 | L100: =+'Yeşil Defter Dönemsel'!K99 -> 0.065803125 | M100: =+ROUND($I100*J100,2) -> 0 | N100: =+ROUND($I100*K100,2) -> 7106737.5 | O100: =+ROUND($I100*L100,2) -> 7106737.5 | P100: =+J100 -> 0 | Q100: =+R100-P100 -> 0.065803125 | R100: =+L100 -> 0.065803125 | S100: =+M100 -> 0 | T100: =+U100-S100 -> 7106737.5 | U100: =+O100 -> 7106737.5 | W100: =+'Yeşil Defter'!#REF! -> #REF!
A101: 1.C | C101: 82 | D101: 034 | E101: Geomekanik İzleme için ölçümlerin okunması, işlenmesi, sunumu ve değerlendirilmesi | H101: set | I101: 42000000 | J101: =+'Yeşil Defter Dönemsel'!I100 -> 0.2535 | K101: =+'Yeşil Defter Dönemsel'!J100 -> 0.0169 | L101: =+'Yeşil Defter Dönemsel'!K100 -> 0.2704 | M101: =+ROUND($I101*J101,2) -> 10647000 | N101: =+ROUND($I101*K101,2) -> 709800 | O101: =+ROUND($I101*L101,2) -> 11356800 | P101: =+J101 -> 0.2535 | Q101: =+R101-P101 -> 0.0169 | R101: =+L101 -> 0.2704 | S101: =+M101 -> 10647000 | T101: =+U101-S101 -> 709800 | U101: =+O101 -> 11356800 | W101: =+'Yeşil Defter'!#REF! -> #REF!
A102: 1 | D102: 1.D-İNCE İNŞAAT İŞLERİ | J102: =+'Yeşil Defter Dönemsel'!I101 -> 0 | K102: =+'Yeşil Defter Dönemsel'!J101 -> 0 | L102: =+'Yeşil Defter Dönemsel'!K101 -> 0 | M102: =SUM(M103:M204) -> 0 | N102: =SUM(N103:N204) -> 0 | O102: =SUM(O103:O204) -> 0 | P102: =+J102 -> 0 | R102: =+L102 -> 0 | S102: =+M102 -> 0 | T102: =+U102-S102 -> 0 | U102: =+O102 -> 0 | W102: =+'Yeşil Defter'!#REF! -> #REF!
A103: 1.D | C103: 83 | D103: 101 | E103: Çimento Esaslı Sürme Su Yalıtımı Yapılması | H103: m² | I103: 1040 | J103: =+'Yeşil Defter Dönemsel'!I102 -> 0 | K103: =+'Yeşil Defter Dönemsel'!J102 -> 0 | L103: =+'Yeşil Defter Dönemsel'!K102 -> 0 | M103: =+ROUND($I103*J103,2) -> 0 | N103: =+ROUND($I103*K103,2) -> 0 | O103: =+ROUND($I103*L103,2) -> 0 | P103: =+J103 -> 0 | Q103: =+R103-P103 -> 0 | R103: =+L103 -> 0 | S103: =+M103 -> 0 | T103: =+U103-S103 -> 0 | U103: =+O103 -> 0 | W103: =+'Yeşil Defter'!#REF! -> #REF!
A104: 1.D | C104: 84 | D104: 102 | E104: SCR.01 - Şap | H104: m² | I104: 988 | J104: =+'Yeşil Defter Dönemsel'!I103 -> 0 | K104: =+'Yeşil Defter Dönemsel'!J103 -> 0 | L104: =+'Yeşil Defter Dönemsel'!K103 -> 0 | M104: =+ROUND($I104*J104,2) -> 0 | N104: =+ROUND($I104*K104,2) -> 0 | O104: =+ROUND($I104*L104,2) -> 0 | P104: =+J104 -> 0 | Q104: =+R104-P104 -> 0 | R104: =+L104 -> 0 | S104: =+M104 -> 0 | T104: =+U104-S104 -> 0 | U104: =+O104 -> 0 | W104: =+'Yeşil Defter'!#REF! -> #REF!
A105: 1.D | C105: 85 | D105: 103 | E105: Tesviye Tabakası Yapılması | H105: m³ | I105: 4072 | J105: =+'Yeşil Defter Dönemsel'!I104 -> 0 | K105: =+'Yeşil Defter Dönemsel'!J104 -> 0 | L105: =+'Yeşil Defter Dönemsel'!K104 -> 0 | M105: =+ROUND($I105*J105,2) -> 0 | N105: =+ROUND($I105*K105,2) -> 0 | O105: =+ROUND($I105*L105,2) -> 0 | P105: =+J105 -> 0 | Q105: =+R105-P105 -> 0 | R105: =+L105 -> 0 | S105: =+M105 -> 0 | T105: =+U105-S105 -> 0 | U105: =+O105 -> 0 | W105: =+'Yeşil Defter'!#REF! -> #REF!
A106: 1.D | C106: 86 | D106: 104.A | E106: PA.01 - 60x60 granit seramik zemin kaplama- Gri (RAL 7026) | H106: m² | I106: 1849 | J106: =+'Yeşil Defter Dönemsel'!I105 -> 0 | K106: =+'Yeşil Defter Dönemsel'!J105 -> 0 | L106: =+'Yeşil Defter Dönemsel'!K105 -> 0 | M106: =+ROUND($I106*J106,2) -> 0 | N106: =+ROUND($I106*K106,2) -> 0 | O106: =+ROUND($I106*L106,2) -> 0 | P106: =+J106 -> 0 | Q106: =+R106-P106 -> 0 | R106: =+L106 -> 0 | S106: =+M106 -> 0 | T106: =+U106-S106 -> 0 | U106: =+O106 -> 0 | W106: =+'Yeşil Defter'!#REF! -> #REF!
A107: 1.D | C107: 87 | D107: 104.B | E107: PA.02 - 30x30 granit seramik zemin kaplama- Gri (RAL 7026) | H107: m² | I107: 1849 | J107: =+'Yeşil Defter Dönemsel'!I106 -> 0 | K107: =+'Yeşil Defter Dönemsel'!J106 -> 0 | L107: =+'Yeşil Defter Dönemsel'!K106 -> 0 | M107: =+ROUND($I107*J107,2) -> 0 | N107: =+ROUND($I107*K107,2) -> 0 | O107: =+ROUND($I107*L107,2) -> 0 | P107: =+J107 -> 0 | Q107: =+R107-P107 -> 0 | R107: =+L107 -> 0 | S107: =+M107 -> 0 | T107: =+U107-S107 -> 0 | U107: =+O107 -> 0 | W107: =+'Yeşil Defter'!#REF! -> #REF!
A108: 1.D | C108: 88 | D108: 104.C | E108: PA.02B - 30x30 granit seramik duvar kaplama- Gri (RAL 7026) | H108: m² | I108: 1849 | J108: =+'Yeşil Defter Dönemsel'!I107 -> 0 | K108: =+'Yeşil Defter Dönemsel'!J107 -> 0 | L108: =+'Yeşil Defter Dönemsel'!K107 -> 0 | M108: =+ROUND($I108*J108,2) -> 0 | N108: =+ROUND($I108*K108,2) -> 0 | O108: =+ROUND($I108*L108,2) -> 0 | P108: =+J108 -> 0 | Q108: =+R108-P108 -> 0 | R108: =+L108 -> 0 | S108: =+M108 -> 0 | T108: =+U108-S108 -> 0 | U108: =+O108 -> 0 | W108: =+'Yeşil Defter'!#REF! -> #REF!
A109: 1.D | C109: 89 | D109: 105.A | E109: PA.03 - 40x40cm Açık Gri Porselen Karo (Granit seramik)- Dur İkaz/uyarı karosu , Seramik Yapıştırma Harcı dahil | H109: m² | I109: 3999 | J109: =+'Yeşil Defter Dönemsel'!I108 -> 0 | K109: =+'Yeşil Defter Dönemsel'!J108 -> 0 | L109: =+'Yeşil Defter Dönemsel'!K108 -> 0 | M109: =+ROUND($I109*J109,2) -> 0 | N109: =+ROUND($I109*K109,2) -> 0 | O109: =+ROUND($I109*L109,2) -> 0 | P109: =+J109 -> 0 | Q109: =+R109-P109 -> 0 | R109: =+L109 -> 0 | S109: =+M109 -> 0 | T109: =+U109-S109 -> 0 | U109: =+O109 -> 0 | W109: =+'Yeşil Defter'!#REF! -> #REF!
A110: 1.D | C110: 90 | D110: 105.B | E110: PA.04 - 40x40cm Açık Gri Porselen Karo (Granit seramik)- Klavuz/yönlendirme Seramik Yapıştırma Harcı | H110: m² | I110: 3999 | J110: =+'Yeşil Defter Dönemsel'!I109 -> 0 | K110: =+'Yeşil Defter Dönemsel'!J109 -> 0 | L110: =+'Yeşil Defter Dönemsel'!K109 -> 0 | M110: =+ROUND($I110*J110,2) -> 0 | N110: =+ROUND($I110*K110,2) -> 0 | O110: =+ROUND($I110*L110,2) -> 0 | P110: =+J110 -> 0 | Q110: =+R110-P110 -> 0 | R110: =+L110 -> 0 | S110: =+M110 -> 0 | T110: =+U110-S110 -> 0 | U110: =+O110 -> 0 | W110: =+'Yeşil Defter'!#REF! -> #REF!
A111: 1.D | C111: 91 | D111: 106.A | E111: PA.03A - 40x40cm Açık çimento Porselen Karo (Granit seramik)- İkaz/uyarı - Seramik Yapıştırma Harcı | H111: m² | I111: 3999 | J111: =+'Yeşil Defter Dönemsel'!I110 -> 0 | K111: =+'Yeşil Defter Dönemsel'!J110 -> 0 | L111: =+'Yeşil Defter Dönemsel'!K110 -> 0 | M111: =+ROUND($I111*J111,2) -> 0 | N111: =+ROUND($I111*K111,2) -> 0 | O111: =+ROUND($I111*L111,2) -> 0 | P111: =+J111 -> 0 | Q111: =+R111-P111 -> 0 | R111: =+L111 -> 0 | S111: =+M111 -> 0 | T111: =+U111-S111 -> 0 | U111: =+O111 -> 0 | W111: =+'Yeşil Defter'!#REF! -> #REF!
A112: 1.D | C112: 92 | D112: 106.B | E112: PA.04A - 40x40cm Açık çimento Porselen Karo (Granit seramik)- Klavuz/yönlendirme- Seramik Yapıştırma Harcı | H112: m² | I112: 3999 | J112: =+'Yeşil Defter Dönemsel'!I111 -> 0 | K112: =+'Yeşil Defter Dönemsel'!J111 -> 0 | L112: =+'Yeşil Defter Dönemsel'!K111 -> 0 | M112: =+ROUND($I112*J112,2) -> 0 | N112: =+ROUND($I112*K112,2) -> 0 | O112: =+ROUND($I112*L112,2) -> 0 | P112: =+J112 -> 0 | Q112: =+R112-P112 -> 0 | R112: =+L112 -> 0 | S112: =+M112 -> 0 | T112: =+U112-S112 -> 0 | U112: =+O112 -> 0 | W112: =+'Yeşil Defter'!#REF! -> #REF!
A113: 1.D | C113: 93 | D113: 107.A | E113: PA.07 - "Aksaray Yaylak" granit zemin kaplama-mucertalı, 30cm*serbest boy (en az 60cm) *min3cm | H113: m² | I113: 3924 | J113: =+'Yeşil Defter Dönemsel'!I112 -> 0 | K113: =+'Yeşil Defter Dönemsel'!J112 -> 0 | L113: =+'Yeşil Defter Dönemsel'!K112 -> 0 | M113: =+ROUND($I113*J113,2) -> 0 | N113: =+ROUND($I113*K113,2) -> 0 | O113: =+ROUND($I113*L113,2) -> 0 | P113: =+J113 -> 0 | Q113: =+R113-P113 -> 0 | R113: =+L113 -> 0 | S113: =+M113 -> 0 | T113: =+U113-S113 -> 0 | U113: =+O113 -> 0 | W113: =+'Yeşil Defter'!#REF! -> #REF!
A114: 1.D | C114: 94 | D114: 107.B | E114: PA.07 - Ankara Füme granit zemin kaplama-mucertalı, 30cm*serbest boy (en az 60cm) *min3cm | H114: m² | I114: 4295 | J114: =+'Yeşil Defter Dönemsel'!I113 -> 0 | K114: =+'Yeşil Defter Dönemsel'!J113 -> 0 | L114: =+'Yeşil Defter Dönemsel'!K113 -> 0 | M114: =+ROUND($I114*J114,2) -> 0 | N114: =+ROUND($I114*K114,2) -> 0 | O114: =+ROUND($I114*L114,2) -> 0 | P114: =+J114 -> 0 | Q114: =+R114-P114 -> 0 | R114: =+L114 -> 0 | S114: =+M114 -> 0 | T114: =+U114-S114 -> 0 | U114: =+O114 -> 0 | W114: =+'Yeşil Defter'!#REF! -> #REF!
... A204: 1.D | C204: 184 | D204: 159 | E204: MED.01 Acil çıkış kapısı - mekanik aksamlı, elle açılır | H204: adet | I204: 292500 | J204: =+'Yeşil Defter Dönemsel'!I203 -> 0 | K204: =+'Yeşil Defter Dönemsel'!J203 -> 0 | L204: =+'Yeşil Defter Dönemsel'!K203 -> 0 | M204: =+ROUND($I204*J204,2) -> 0 | N204: =+ROUND($I204*K204,2) -> 0 | O204: =+ROUND($I204*L204,2) -> 0 | P204: =+J204 -> 0 | Q204: =+R204-P204 -> 0 | R204: =+L204 -> 0 | S204: =+M204 -> 0 | T204: =+U204-S204 -> 0 | U204: =+O204 -> 0 | W204: =+'Yeşil Defter'!#REF! -> #REF!
A205: B | D205: 2-ELEKTRİK İŞLERİ | J205: =+'Yeşil Defter Dönemsel'!I204 -> 0 | K205: =+'Yeşil Defter Dönemsel'!J204 -> 0 | L205: =+'Yeşil Defter Dönemsel'!K204 -> 0 | M205: =SUM(M206:M281) -> 0 | N205: =SUM(N206:N281) -> 0 | O205: =SUM(O206:O281) -> 0 | P205: =+J205 -> 0 | R205: =+L205 -> 0 | S205: =+M205 -> 0 | T205: =+U205-S205 -> 0 | U205: =+O205 -> 0 | W205: =+'Yeşil Defter'!#REF! -> #REF!
A206: 2 | C206: 185 | D206: 201 | E206: Güç Temini ve Cer Gücü Tasarımı | H206: set | I206: 11275750 | J206: =+'Yeşil Defter Dönemsel'!I205 -> 0 | K206: =+'Yeşil Defter Dönemsel'!J205 -> 0 | L206: =+'Yeşil Defter Dönemsel'!K205 -> 0 | M206: =+ROUND($I206*J206,2) -> 0 | N206: =+ROUND($I206*K206,2) -> 0 | O206: =+ROUND($I206*L206,2) -> 0 | P206: =+J206 -> 0 | Q206: =+R206-P206 -> 0 | R206: =+L206 -> 0 | S206: =+M206 -> 0 | T206: =+U206-S206 -> 0 | U206: =+O206 -> 0 | W206: =+'Yeşil Defter'!#REF! -> #REF!
A207: 2 | C207: 186 | D207: 202.A | E207: Barbaros İstasyonu - 34,5 kV Şalt Sistemi | H207: set | I207: 22517035 | J207: =+'Yeşil Defter Dönemsel'!I206 -> 0 | K207: =+'Yeşil Defter Dönemsel'!J206 -> 0 | L207: =+'Yeşil Defter Dönemsel'!K206 -> 0 | M207: =+ROUND($I207*J207,2) -> 0 | N207: =+ROUND($I207*K207,2) -> 0 | O207: =+ROUND($I207*L207,2) -> 0 | P207: =+J207 -> 0 | Q207: =+R207-P207 -> 0 | R207: =+L207 -> 0 | S207: =+M207 -> 0 | T207: =+U207-S207 -> 0 | U207: =+O207 -> 0 | W207: =+'Yeşil Defter'!#REF! -> #REF!
A208: 2 | C208: 187 | D208: 202.B | E208: Malazgirt İstasyonu - 34,5 kV Şalt Sistemi | H208: set | I208: 15921572 | J208: =+'Yeşil Defter Dönemsel'!I207 -> 0 | K208: =+'Yeşil Defter Dönemsel'!J207 -> 0 | L208: =+'Yeşil Defter Dönemsel'!K207 -> 0 | M208: =+ROUND($I208*J208,2) -> 0 | N208: =+ROUND($I208*K208,2) -> 0 | O208: =+ROUND($I208*L208,2) -> 0 | P208: =+J208 -> 0 | Q208: =+R208-P208 -> 0 | R208: =+L208 -> 0 | S208: =+M208 -> 0 | T208: =+U208-S208 -> 0 | U208: =+O208 -> 0 | W208: =+'Yeşil Defter'!#REF! -> #REF!
A209: 2 | C209: 188 | D209: 202.C | E209: Mimar Sinan İstasyonu - 34,5 kV Şalt Sistemi | H209: set | I209: 15921572 | J209: =+'Yeşil Defter Dönemsel'!I208 -> 0 | K209: =+'Yeşil Defter Dönemsel'!J208 -> 0 | L209: =+'Yeşil Defter Dönemsel'!K208 -> 0 | M209: =+ROUND($I209*J209,2) -> 0 | N209: =+ROUND($I209*K209,2) -> 0 | O209: =+ROUND($I209*L209,2) -> 0 | P209: =+J209 -> 0 | Q209: =+R209-P209 -> 0 | R209: =+L209 -> 0 | S209: =+M209 -> 0 | T209: =+U209-S209 -> 0 | U209: =+O209 -> 0 | W209: =+'Yeşil Defter'!#REF! -> #REF!
A210: 2 | C210: 189 | D210: 202.D | E210: Fatih İstasyonu - 34,5 kV Şalt Sistemi | H210: set | I210: 15921572 | J210: =+'Yeşil Defter Dönemsel'!I209 -> 0 | K210: =+'Yeşil Defter Dönemsel'!J209 -> 0 | L210: =+'Yeşil Defter Dönemsel'!K209 -> 0 | M210: =+ROUND($I210*J210,2) -> 0 | N210: =+ROUND($I210*K210,2) -> 0 | O210: =+ROUND($I210*L210,2) -> 0 | P210: =+J210 -> 0 | Q210: =+R210-P210 -> 0 | R210: =+L210 -> 0 | S210: =+M210 -> 0 | T210: =+U210-S210 -> 0 | U210: =+O210 -> 0 | W210: =+'Yeşil Defter'!#REF! -> #REF!
A211: 2 | C211: 190 | D211: 202.E | E211: Halkalı Üniversite İstasyonu - 34,5 kV Şalt Sistemi | H211: set | I211: 25772110 | J211: =+'Yeşil Defter Dönemsel'!I210 -> 0 | K211: =+'Yeşil Defter Dönemsel'!J210 -> 0 | L211: =+'Yeşil Defter Dönemsel'!K210 -> 0 | M211: =+ROUND($I211*J211,2) -> 0 | N211: =+ROUND($I211*K211,2) -> 0 | O211: =+ROUND($I211*L211,2) -> 0 | P211: =+J211 -> 0 | Q211: =+R211-P211 -> 0 | R211: =+L211 -> 0 | S211: =+M211 -> 0 | T211: =+U211-S211 -> 0 | U211: =+O211 -> 0 | W211: =+'Yeşil Defter'!#REF! -> #REF!
A212: 2 | C212: 191 | D212: 203.A | E212: Barbaros İstasyonu - 34.5 kV/0.4 kV Yardımcı Servis Trafoları | H212: set | I212: 8305760 | J212: =+'Yeşil Defter Dönemsel'!I211 -> 0 | K212: =+'Yeşil Defter Dönemsel'!J211 -> 0 | L212: =+'Yeşil Defter Dönemsel'!K211 -> 0 | M212: =+ROUND($I212*J212,2) -> 0 | N212: =+ROUND($I212*K212,2) -> 0 | O212: =+ROUND($I212*L212,2) -> 0 | P212: =+J212 -> 0 | Q212: =+R212-P212 -> 0 | R212: =+L212 -> 0 | S212: =+M212 -> 0 | T212: =+U212-S212 -> 0 | U212: =+O212 -> 0 | W212: =+'Yeşil Defter'!#REF! -> #REF!
A213: 2 | C213: 192 | D213: 203.B | E213: Malazgirt İstasyonu - 34.5 kV/0.4 kV Yardımcı Servis Trafoları | H213: set | I213: 8305760 | J213: =+'Yeşil Defter Dönemsel'!I212 -> 0 | K213: =+'Yeşil Defter Dönemsel'!J212 -> 0 | L213: =+'Yeşil Defter Dönemsel'!K212 -> 0 | M213: =+ROUND($I213*J213,2) -> 0 | N213: =+ROUND($I213*K213,2) -> 0 | O213: =+ROUND($I213*L213,2) -> 0 | P213: =+J213 -> 0 | Q213: =+R213-P213 -> 0 | R213: =+L213 -> 0 | S213: =+M213 -> 0 | T213: =+U213-S213 -> 0 | U213: =+O213 -> 0 | W213: =+'Yeşil Defter'!#REF! -> #REF!
A214: 2 | C214: 193 | D214: 203.C | E214: Mimar Sinan İstasyonu - 34.5 kV/0.4 kV Yardımcı Servis Trafoları | H214: set | I214: 8305760 | J214: =+'Yeşil Defter Dönemsel'!I213 -> 0 | K214: =+'Yeşil Defter Dönemsel'!J213 -> 0 | L214: =+'Yeşil Defter Dönemsel'!K213 -> 0 | M214: =+ROUND($I214*J214,2) -> 0 | N214: =+ROUND($I214*K214,2) -> 0 | O214: =+ROUND($I214*L214,2) -> 0 | P214: =+J214 -> 0 | Q214: =+R214-P214 -> 0 | R214: =+L214 -> 0 | S214: =+M214 -> 0 | T214: =+U214-S214 -> 0 | U214: =+O214 -> 0 | W214: =+'Yeşil Defter'!#REF! -> #REF!
A215: 2 | C215: 194 | D215: 203.D | E215: Fatih İstasyonu - 34.5 kV/0.4 kV Yardımcı Servis Trafoları | H215: set | I215: 8305760 | J215: =+'Yeşil Defter Dönemsel'!I214 -> 0 | K215: =+'Yeşil Defter Dönemsel'!J214 -> 0 | L215: =+'Yeşil Defter Dönemsel'!K214 -> 0 | M215: =+ROUND($I215*J215,2) -> 0 | N215: =+ROUND($I215*K215,2) -> 0 | O215: =+ROUND($I215*L215,2) -> 0 | P215: =+J215 -> 0 | Q215: =+R215-P215 -> 0 | R215: =+L215 -> 0 | S215: =+M215 -> 0 | T215: =+U215-S215 -> 0 | U215: =+O215 -> 0 | W215: =+'Yeşil Defter'!#REF! -> #REF!
...

Sheet Yapılan İşler İcmali
C2: T.C.
C3: İSTANBUL BÜYÜKŞEHİR BELEDİYESİ
C4: Raylı Sistem Dairesi Başkanlığı
C5: Avrupa Yakası Raylı Sistem Şube Müdürlüğü
C7: Kirazlı-Halkalı Üniversite Metro Hattı İnşaat Ve Elektromekanik İşler İle M1 Hattı Elektromekanik Sistemleri Yapım İşi
C9: ="Hakediş No: "&Veri!C21&" Hakediş Tarihi: "&TEXT(Veri!C22,"gg.aa.yyyy") -> Hakediş No: 6 Hakediş Tarihi: 30.04.2026 | K9: SÖZLEŞMEYE GÖRE | N9: YAPILAN İMALAT MİKTARI | R9: İŞİN TUTARLARI (₺)
C11: SIRA NO | D11: POZ NO | E11: BİRİM FİYAT ADI | H11: BİRİM | I11: BİRİM FİYAT (₺) | K11: MİKTAR | L11: TUTAR (₺) | N11: ÖNCEKİ HAKEDİŞ MİKTARI | O11: BU HAKEDİŞ MİKTARI | P11: TOPLAM MİKTAR | R11: ÖNCEKİ HAKEDİŞ MİKTARI | S11: BU HAKEDİŞ MİKTARI | T11: TOPLAM MİKTAR | X11: RBF
X12: =+COUNTIFS($X$16:$X$1033,"RBF") -> 0
A13: Filtre | C13: KİRAZLI-HALKALI ÜNİVERSİTE METRO HATTI İNŞAAT VE ELEKTROMEKANİK İŞLER İLE M1 HATTI ELEKTROMEKANİK SİSTEMLERİ YAPIM İŞİ | L13: =+SUMIFS(L:L,A:A,"B") -> 2.1982861e+10 | R13: =+SUMIFS(R:R,A:A,"B") -> 0 | S13: =+SUMIFS(S:S,A:A,"B") -> 37210860 | T13: =+SUMIFS(T:T,A:A,"B") -> 37210860 | U13: =+L13-'[1]Yapılan İşler İcmali'!$K$13 -> 0
A14: B | D14: 1- KABA ve İNCE İNŞAAT İŞLERİ | L14: =+SUMIFS(L:L,A:A,"1") -> 1.4142506e+10 | R14: =+SUMIFS(R:R,A:A,"1") -> 0 | S14: =+SUMIFS(S:S,A:A,"1") -> 37210860 | T14: =+SUMIFS(T:T,A:A,"1") -> 37210860
A15: 1 | D15: 1.A-AÇIKTA İNŞAAT İŞLERİ | L15: =+SUMIFS(L:L,A:A,"1.A") -> 4.4056996e+09 | R15: =+SUMIFS(R:R,A:A,"1.A") -> 0 | S15: =+SUMIFS(S:S,A:A,"1.A") -> 0 | T15: =+SUMIFS(T:T,A:A,"1.A") -> 0
A16: 1.A | C16: 1 | D16: 001 | E16: Binaların Yıkılması | H16: m² | I16: 500 | K16: 4600 | L16: =+ROUND(I16*K16,2) -> 2300000 | N16: =+'Yeşil Defter'!$K$17 -> 0 | O16: =+'Yeşil Defter'!L16 -> 0 | P16: =+'Yeşil Defter'!M16 -> 0 | R16: =+ROUND(I16*N16,2) -> 0 | S16: =+T16-R16 -> 0 | T16: =+ROUND(I16*P16,2) -> 0 | X16: =IF(AND(P17>K17*1.2, (P17-K17)*I17 > $L$13*0.01), "RBF", "-") -> -
A17: 1.A | C17: 2 | D17: 002.A | E17: Demirli ve Demirsiz Betonun Kompresörle Kırılması | H17: m³ | I17: 4063 | K17: 528.66 | L17: =+ROUND(I17*K17,2) -> 2147945.6 | N17: =+'Yeşil Defter'!$K$17 -> 0 | O17: =+'Yeşil Defter'!L17 -> 0 | P17: =+'Yeşil Defter'!M17 -> 0 | R17: =+ROUND(I17*N17,2) -> 0 | S17: =+T17-R17 -> 0 | T17: =+ROUND(I17*P17,2) -> 0 | X17: =IF(AND(P18>K18*1.2, (P18-K18)*I18 > $L$13*0.01), "RBF", "-") -> -
A18: 1.A | C18: 3 | D18: 002.B | E18: Demirli ve Demirsiz Betonun Ekskavatör veya Benzeri İş Makinesi ile Kırılması | H18: m³ | I18: 2000 | K18: 550.69 | L18: =+ROUND(I18*K18,2) -> 1101380 | N18: =+'Yeşil Defter'!$K$18 -> 0 | O18: =+'Yeşil Defter'!L18 -> 0 | P18: =+'Yeşil Defter'!M18 -> 0 | R18: =+ROUND(I18*N18,2) -> 0 | S18: =+T18-R18 -> 0 | T18: =+ROUND(I18*P18,2) -> 0 | X18: =IF(AND(P19>K19*1.2, (P19-K19)*I19 > $L$13*0.01), "RBF", "-") -> -
A19: 1.A | C19: 4 | D19: 002.C | E19: Karot Delme ve Beton Kesme Makineları ile Her Türlü Betonun Kesilmesi | H19: m³ | I19: 10500 | K19: 440.55 | L19: =+ROUND(I19*K19,2) -> 4625775 | N19: =+'Yeşil Defter'!$K$19 -> 0 | O19: =+'Yeşil Defter'!L19 -> 0 | P19: =+'Yeşil Defter'!M19 -> 0 | R19: =+ROUND(I19*N19,2) -> 0 | S19: =+T19-R19 -> 0 | T19: =+ROUND(I19*P19,2) -> 0 | X19: =IF(AND(P20>K20*1.2, (P20-K20)*I20 > $L$13*0.01), "RBF", "-") -> -
A20: 1.A | C20: 5 | D20: 003 | E20: Her tip zeminde ve kayada, her derinlikte kazı yapılması (nakliye, döküm ve kazı sırasındaki drenaj dahil) (Açık Alanda) | H20: m³ | I20: 1485 | K20: 175497.85 | L20: =+ROUND(I20*K20,2) -> 2.6061431e+08 | N20: =+'Yeşil Defter'!$K$20 -> 0 | O20: =+'Yeşil Defter'!L20 -> 0 | P20: =+'Yeşil Defter'!M20 -> 0 | R20: =+ROUND(I20*N20,2) -> 0 | S20: =+T20-R20 -> 0 | T20: =+ROUND(I20*P20,2) -> 0 | X20: =IF(AND(P21>K21*1.2, (P21-K21)*I21 > $L$13*0.01), "RBF", "-") -> -
A21: 1.A | C21: 6 | D21: 004.A | E21: Kazıdan Çıkan veya Ariyetten Alınan Malzeme ile Dolgu Yapılması | H21: m³ | I21: 300 | K21: 26184.71 | L21: =+ROUND(I21*K21,2) -> 7855413 | N21: =+'Yeşil Defter'!$K$21 -> 0 | O21: =+'Yeşil Defter'!L21 -> 0 | P21: =+'Yeşil Defter'!M21 -> 0 | R21: =+ROUND(I21*N21,2) -> 0 | S21: =+T21-R21 -> 0 | T21: =+ROUND(I21*P21,2) -> 0 | X21: =IF(AND(P22>K22*1.2, (P22-K22)*I22 > $L$13*0.01), "RBF", "-") -> -
A22: 1.A | C22: 7 | D22: 004.B | E22: Kum, Çakıl, Kırma Tas ve Benzeri Malzeme ile Dolgu Yapılması | H22: m³ | I22: 1500 | K22: 27657.96 | L22: =+ROUND(I22*K22,2) -> 41486940 | N22: =+'Yeşil Defter'!$K$22 -> 0 | O22: =+'Yeşil Defter'!L22 -> 0 | P22: =+'Yeşil Defter'!M22 -> 0 | R22: =+ROUND(I22*N22,2) -> 0 | S22: =+T22-R22 -> 0 | T22: =+ROUND(I22*P22,2) -> 0 | X22: =IF(AND(P23>K23*1.2, (P23-K23)*I23 > $L$13*0.01), "RBF", "-") -> -
A23: 1.A | C23: 8 | D23: 005 | E23: Püskürtme Beton (Açık alanda) | H23: m³ | I23: 17500 | K23: 1734 | L23: =+ROUND(I23*K23,2) -> 30345000 | N23: =+'Yeşil Defter'!$K$23 -> 0 | O23: =+'Yeşil Defter'!L23 -> 0 | P23: =+'Yeşil Defter'!M23 -> 0 | R23: =+ROUND(I23*N23,2) -> 0 | S23: =+T23-R23 -> 0 | T23: =+ROUND(I23*P23,2) -> 0 | X23: =IF(AND(P24>K24*1.2, (P24-K24)*I24 > $L$13*0.01), "RBF", "-") -> -
A24: 1.A | C24: 9 | D24: 006.A | E24: 125 mm Delik İçine 14 mm Kalınlığında S420a ile Zemin Çivisi Teşkili | H24: m | I24: 1050 | K24: 1884 | L24: =+ROUND(I24*K24,2) -> 1978200 | N24: =+'Yeşil Defter'!$K$24 -> 0 | O24: =+'Yeşil Defter'!L24 -> 0 | P24: =+'Yeşil Defter'!M24 -> 0 | R24: =+ROUND(I24*N24,2) -> 0 | S24: =+T24-R24 -> 0 | T24: =+ROUND(I24*P24,2) -> 0 | X24: =IF(AND(P25>K25*1.2, (P25-K25)*I25 > $L$13*0.01), "RBF", "-") -> -
A25: 1.A | C25: 10 | D25: 006.B | E25: 125 mm Delik İçine 26 mm Kalınlığında S420a ile Zemin Çivisi Teşkili | H25: m | I25: 1200 | K25: 960 | L25: =+ROUND(I25*K25,2) -> 1152000 | N25: =+'Yeşil Defter'!$K$25 -> 0 | O25: =+'Yeşil Defter'!L25 -> 0 | P25: =+'Yeşil Defter'!M25 -> 0 | R25: =+ROUND(I25*N25,2) -> 0 | S25: =+T25-R25 -> 0 | T25: =+ROUND(I25*P25,2) -> 0 | X25: =IF(AND(P26>K26*1.2, (P26-K26)*I26 > $L$13*0.01), "RBF", "-") -> -
A26: 1.A | C26: 11 | D26: 007.A | E26: L=3 m Kaya Bulonu | H26: adet | I26: 2475 | K26: 530 | L26: =+ROUND(I26*K26,2) -> 1311750 | N26: =+'Yeşil Defter'!$K$26 -> 0 | O26: =+'Yeşil Defter'!L26 -> 0 | P26: =+'Yeşil Defter'!M26 -> 0 | R26: =+ROUND(I26*N26,2) -> 0 | S26: =+T26-R26 -> 0 | T26: =+ROUND(I26*P26,2) -> 0 | X26: =IF(AND(P27>K27*1.2, (P27-K27)*I27 > $L$13*0.01), "RBF", "-") -> -
A27: 1.A | C27: 12 | D27: 007.B | E27: L=4 m Kaya Bulonu | H27: adet | I27: 3900 | K27: 408 | L27: =+ROUND(I27*K27,2) -> 1591200 | N27: =+'Yeşil Defter'!$K$27 -> 0 | O27: =+'Yeşil Defter'!L27 -> 0 | P27: =+'Yeşil Defter'!M27 -> 0 | R27: =+ROUND(I27*N27,2) -> 0 | S27: =+T27-R27 -> 0 | T27: =+ROUND(I27*P27,2) -> 0 | X27: =IF(AND(P28>K28*1.2, (P28-K28)*I28 > $L$13*0.01), "RBF", "-") -> -
A28: 1.A | C28: 13 | D28: 007.C | E28: L=5 m Kaya Bulonu | H28: adet | I28: 4125 | K28: 396 | L28: =+ROUND(I28*K28,2) -> 1633500 | N28: =+'Yeşil Defter'!$K$28 -> 0 | O28: =+'Yeşil Defter'!L28 -> 0 | P28: =+'Yeşil Defter'!M28 -> 0 | R28: =+ROUND(I28*N28,2) -> 0 | S28: =+T28-R28 -> 0 | T28: =+ROUND(I28*P28,2) -> 0 | X28: =IF(AND(P29>K29*1.2, (P29-K29)*I29 > $L$13*0.01), "RBF", "-") -> -
A29: 1.A | C29: 14 | D29: 007.D | E29: L=6 m Kaya Bulonu | H29: adet | I29: 5850 | K29: 396 | L29: =+ROUND(I29*K29,2) -> 2316600 | N29: =+'Yeşil Defter'!$K$29 -> 0 | O29: =+'Yeşil Defter'!L29 -> 0 | P29: =+'Yeşil Defter'!M29 -> 0 | R29: =+ROUND(I29*N29,2) -> 0 | S29: =+T29-R29 -> 0 | T29: =+ROUND(I29*P29,2) -> 0 | X29: =IF(AND(P30>K30*1.2, (P30-K30)*I30 > $L$13*0.01), "RBF", "-") -> -
A30: 1.A | C30: 15 | D30: 008 | E30: Kalıp (Açık Alanda) | H30: m² | I30: 3140 | K30: 138744.07 | L30: =+ROUND(I30*K30,2) -> 4.3565638e+08 | N30: =+'Yeşil Defter'!$K$30 -> 0 | O30: =+'Yeşil Defter'!L30 -> 0 | P30: =+'Yeşil Defter'!M30 -> 0 | R30: =+ROUND(I30*N30,2) -> 0 | S30: =+T30-R30 -> 0 | T30: =+ROUND(I30*P30,2) -> 0 | X30: =IF(AND(P31>K31*1.2, (P31-K31)*I31 > $L$13*0.01), "RBF", "-") -> -
A31: 1.A | C31: 16 | D31: 009.A | E31: Demirsiz C16/C20 Beton İmali ve Dökülmesi | H31: m³ | I31: 3504 | K31: 43459.98 | L31: =+ROUND(I31*K31,2) -> 1.5228377e+08 | N31: =+'Yeşil Defter'!$K$31 -> 0 | O31: =+'Yeşil Defter'!L31 -> 0 | P31: =+'Yeşil Defter'!M31 -> 0 | R31: =+ROUND(I31*N31,2) -> 0 | S31: =+T31-R31 -> 0 | T31: =+ROUND(I31*P31,2) -> 0 | X31: =IF(AND(P32>K32*1.2, (P32-K32)*I32 > $L$13*0.01), "RBF", "-") -> -
A32: 1.A | C32: 17 | D32: 009.B | E32: Demirli C30/37 Beton İmali ve Dökülmesi | H32: m³ | I32: 6114 | K32: 115476.85 | L32: =+ROUND(I32*K32,2) -> 7.0602546e+08 | N32: =+'Yeşil Defter'!$K$32 -> 0 | O32: =+'Yeşil Defter'!L32 -> 0 | P32: =+'Yeşil Defter'!M32 -> 0 | R32: =+ROUND(I32*N32,2) -> 0 | S32: =+T32-R32 -> 0 | T32: =+ROUND(I32*P32,2) -> 0 | X32: =IF(AND(P33>K33*1.2, (P33-K33)*I33 > $L$13*0.01), "RBF", "-") -> -
A33: 1.A | C33: 18 | D33: 010.A | E33: Çelik Donatı (S420a) | H33: ton | I33: 75316 | K33: 20487.48 | L33: =+ROUND(I33*K33,2) -> 1.543035e+09 | N33: =+'[2]Yeşil Defter'!$K$33 -> 0 | O33: =+'[2]Yeşil Defter'!L33 -> 0 | P33: =+'[2]Yeşil Defter'!M33 -> 0 | R33: =+ROUND(I33*N33,2) -> 0 | S33: =+T33-R33 -> 0 | T33: =+ROUND(I33*P33,2) -> 0 | X33: =IF(AND(P34>K34*1.2, (P34-K34)*I34 > $L$13*0.01), "RBF", "-") -> -
A34: 1.A | C34: 19 | D34: 010.B | E34: Çelik hasır (S500) | H34: ton | I34: 87125 | K34: 67.77 | L34: =+ROUND(I34*K34,2) -> 5904461.2 | N34: =+'Yeşil Defter'!$K$35 -> 0 | O34: =+'Yeşil Defter'!L35 -> 0 | P34: =+'Yeşil Defter'!M35 -> 0 | R34: =+ROUND(I34*N34,2) -> 0 | S34: =+T34-R34 -> 0 | T34: =+ROUND(I34*P34,2) -> 0 | X34: =IF(AND(P35>K35*1.2, (P35-K35)*I35 > $L$13*0.01), "RBF", "-") -> -
A35: 1.A | C35: 20 | D35: 011.A | E35: Dikey yüzeylerde su yalıtımı uygulaması (dış yüzeye geotekstil keçe, 2 mm kalınlıklı PVC membran, uygulama yüzeyinin İdarenin uygun gördüğü malzeme ile düzeltilmesi dahil) | H35: m² | I35: 5196 | K35: 42149.53 | L35: =+ROUND(I35*K35,2) -> 2.1900896e+08 | N35: =+'Yeşil Defter'!$K$36 -> 0 | O35: =+'Yeşil Defter'!L36 -> 0 | P35: =+'Yeşil Defter'!M36 -> 0 | R35: =+ROUND(I35*N35,2) -> 0 | S35: =+T35-R35 -> 0 | T35: =+ROUND(I35*P35,2) -> 0 | X35: =IF(AND(P36>K36*1.2, (P36-K36)*I36 > $L$13*0.01), "RBF", "-") -> -
A36: İ | E36: YÜKLENİCİ | H36: DANIŞMAN | N36: İDARE
A37: İ | E37: Kalyon-Özgün Metro İnşaatı Adi Ortaklığı | H37: Yüksel Proje A.Ş. | N37: T.C. İSTANBUL BÜYÜKŞEHİR BELEDİYESİ Raylı Sistem Dairesi Başkanlığı Avrupa Yakası Raylı Sistem Şube Müdürlüğü
A38: İ
A39: İ
A40: İ
A41: İ | H41: Aybüke YEĞEN | K41: Yılmaz SATI | N41: Özkan SAĞIR | P41: Atilla Alkan | S41: Hasan Tecelli TEMÜZ
A42: İ | H42: Hakediş, Mukavele Takip, Kesin Hesap Kontrol Mühendisi | K42: Hakediş, Mukavele Takip, Kesin Hesap Kontrol Mühendisi | N42: İnşaat Kontrol Mühendisi | P42: İnşaat Kontrol Mühendisi | S42: İnşaat Kontrol Mühendisi
A43: İ
A44: İ
A45: İ | E45: Kemal YERLİ Proje Müdürü | H45: Orhan KOCA Proje Müdürü | N45: Osman ŞAHİN İnşaat Müdür Yardımcısı
A46: İS
A47: 1.A | C47: 21 | D47: 011.B | E47: Temel döşemesinde su yalıtımı uygulaması (iç ve dış yüzeye geotekstil keçe, 2 mm kalınlıklı PVC membran ve hasır çelik donatılı koruma betonu dahil) | H47: m² | I47: 1535 | K47: 12946.85 | L47: =+ROUND(I47*K47,2) -> 19873415 | N47: =+'Yeşil Defter'!$K$37 -> 0 | O47: =+'Yeşil Defter'!L37 -> 0 | P47: =+'Yeşil Defter'!M37 -> 0 | R47: =+ROUND(I47*N47,2) -> 0 | S47: =+T47-R47 -> 0 | T47: =+ROUND(I47*P47,2) -> 0 | X47: =IF(AND(P48>K48*1.2, (P48-K48)*I48 > $L$13*0.01), "RBF", "-") -> -
A48: 1.A | C48: 22 | D48: 011.C | E48: Üst döşemede su yalıtımı uygulaması (iç ve dış yüzeye geotekstil keçe, 2 mm kalınlıklı PVC membran ve hasır çelik donatılı koruma betonu dahil) | H48: m² | I48: 1462 | K48: 12871.85 | L48: =+ROUND(I48*K48,2) -> 18818645 | N48: =+'Yeşil Defter'!K38 -> 0 | O48: =+'Yeşil Defter'!L38 -> 0 | P48: =+'Yeşil Defter'!M38 -> 0 | R48: =+ROUND(I48*N48,2) -> 0 | S48: =+T48-R48 -> 0 | T48: =+ROUND(I48*P48,2) -> 0 | X48: =IF(AND(P49>K49*1.2, (P49-K49)*I49 > $L$13*0.01), "RBF", "-") -> -
A49: 1.A | C49: 23 | D49: 012 | E49: Su Tutucular (Açık Alanda) | H49: m | I49: 2094 | K49: 14706.45 | L49: =+ROUND(I49*K49,2) -> 30795306 | N49: =+'Yeşil Defter'!K39 -> 0 | O49: =+'Yeşil Defter'!L39 -> 0 | P49: =+'Yeşil Defter'!M39 -> 0 | R49: =+ROUND(I49*N49,2) -> 0 | S49: =+T49-R49 -> 0 | T49: =+ROUND(I49*P49,2) -> 0 | X49: =IF(AND(P50>K50*1.2, (P50-K50)*I50 > $L$13*0.01), "RBF", "-") -> -
A50: 1.A | C50: 24 | D50: 013.A | E50: Barbaros İst. İksa Yapılması | H50: m² | I50: 37481 | K50: 3073.23 | L50: =+ROUND(I50*K50,2) -> 1.1518773e+08 | N50: =+'Yeşil Defter'!K40 -> 0 | O50: =+'Yeşil Defter'!L40 -> 0 | P50: =+'Yeşil Defter'!M40 -> 0 | R50: =+ROUND(I50*N50,2) -> 0 | S50: =+T50-R50 -> 0 | T50: =+ROUND(I50*P50,2) -> 0 | X50: =IF(AND(P51>K51*1.2, (P51-K51)*I51 > $L$13*0.01), "RBF", "-") -> -
A51: 1.A | C51: 25 | D51: 013.B | E51: Malazgirt İst. İksa Yapılması | H51: m² | I51: 43633 | K51: 2679.52 | L51: =+ROUND(I51*K51,2) -> 1.169155e+08 | N51: =+'Yeşil Defter'!K41 -> 0 | O51: =+'Yeşil Defter'!L41 -> 0 | P51: =+'Yeşil Defter'!M41 -> 0 | R51: =+ROUND(I51*N51,2) -> 0 | S51: =+T51-R51 -> 0 | T51: =+ROUND(I51*P51,2) -> 0 | X51: =IF(AND(P52>K52*1.2, (P52-K52)*I52 > $L$13*0.01), "RBF", "-") -> -
A52: 1.A | C52: 26 | D52: 013.C | E52: Fatih İst. İksa Yapılması | H52: m² | I52: 23682 | K52: 4321.23 | L52: =+ROUND(I52*K52,2) -> 1.0233537e+08 | N52: =+'Yeşil Defter'!K42 -> 0 | O52: =+'Yeşil Defter'!L42 -> 0 | P52: =+'Yeşil Defter'!M42 -> 0 | R52: =+ROUND(I52*N52,2) -> 0 | S52: =+T52-R52 -> 0 | T52: =+ROUND(I52*P52,2) -> 0 | X52: =IF(AND(P53>K53*1.2, (P53-K53)*I53 > $L$13*0.01), "RBF", "-") -> -
A53: 1.A | C53: 27 | D53: 013.D | E53: Halkalı Üniversite İst. İksa Yapılması | H53: m² | I53: 26351 | K53: 8103.7 | L53: =+ROUND(I53*K53,2) -> 2.135406e+08 | N53: =+'Yeşil Defter'!K43 -> 0 | O53: =+'Yeşil Defter'!L43 -> 0 | P53: =+'Yeşil Defter'!M43 -> 0 | R53: =+ROUND(I53*N53,2) -> 0 | S53: =+T53-R53 -> 0 | T53: =+ROUND(I53*P53,2) -> 0 | X53: =IF(AND(P54>K54*1.2, (P54-K54)*I54 > $L$13*0.01), "RBF", "-") -> -
A54: 1.A | C54: 28 | D54: 013.E | E54: Şaftlarda İksa Yapılması | H54: m² | I54: 36167 | K54: 3944.25 | L54: =+ROUND(I54*K54,2) -> 1.4265169e+08 | N54: =+'Yeşil Defter'!K44 -> 0 | O54: =+'Yeşil Defter'!L44 -> 0 | P54: =+'Yeşil Defter'!M44 -> 0 | R54: =+ROUND(I54*N54,2) -> 0 | S54: =+T54-R54 -> 0 | T54: =+ROUND(I54*P54,2) -> 0 | X54: =IF(AND(P55>K55*1.2, (P55-K55)*I55 > $L$13*0.01), "RBF", "-") -> -
A55: 1.A | C55: 29 | D55: 013.F | E55: Aç-Kapa Yapılarında İksa Yapılması | H55: m² | I55: 36167 | K55: 920.13 | L55: =+ROUND(I55*K55,2) -> 33278342 | N55: =+'Yeşil Defter'!K63 -> 0 | O55: =+'Yeşil Defter'!L63 -> 0 | P55: =+'Yeşil Defter'!M63 -> 0 | R55: =+ROUND(I55*N55,2) -> 0 | S55: =+T55-R55 -> 0 | T55: =+ROUND(I55*P55,2) -> 0 | X55: =IF(AND(P56>K56*1.2, (P56-K56)*I56 > $L$13*0.01), "RBF", "-") -> -
A56: 1.A | C56: 30 | D56: 014.A | E56: Barbaros İstasyonunun Topraklama Tesisinin Temin ve Yerleştirilmesi | H56: set | I56: 1125000 | K56: 1 | L56: =+ROUND(I56*K56,2) -> 1125000 | N56: =+'Yeşil Defter'!K64 -> 0 | O56: =+'Yeşil Defter'!L64 -> 0 | P56: =+'Yeşil Defter'!M64 -> 0 | R56: =+ROUND(I56*N56,2) -> 0 | S56: =+T56-R56 -> 0 | T56: =+ROUND(I56*P56,2) -> 0 | X56: =IF(AND(P57>K57*1.2, (P57-K57)*I57 > $L$13*0.01), "RBF", "-") -> -
A57: 1.A | C57: 31 | D57: 014.B | E57: Malazgirt İstasyonunun Topraklama Tesisinin Temin ve Yerleştirilmesi | H57: set | I57: 1125000 | K57: 1 | L57: =+ROUND(I57*K57,2) -> 1125000 | N57: =+'Yeşil Defter'!K65 -> 0 | O57: =+'Yeşil Defter'!L65 -> 0 | P57: =+'Yeşil Defter'!M65 -> 0 | R57: =+ROUND(I57*N57,2) -> 0 | S57: =+T57-R57 -> 0 | T57: =+ROUND(I57*P57,2) -> 0 | X57: =IF(AND(P58>K58*1.2, (P58-K58)*I58 > $L$13*0.01), "RBF", "-") -> -
A58: 1.A | C58: 32 | D58: 014.C | E58: Fatih İstasyonunun Topraklama Tesisinin Temin ve Yerleştirilmesi | H58: set | I58: 3000000 | K58: 1 | L58: =+ROUND(I58*K58,2) -> 3000000 | N58: =+'Yeşil Defter'!K66 -> 0 | O58: =+'Yeşil Defter'!L66 -> 0 | P58: =+'Yeşil Defter'!M66 -> 0 | R58: =+ROUND(I58*N58,2) -> 0 | S58: =+T58-R58 -> 0 | T58: =+ROUND(I58*P58,2) -> 0 | X58: =IF(AND(P59>K59*1.2, (P59-K59)*I59 > $L$13*0.01), "RBF", "-") -> -
A59: 1.A | C59: 33 | D59: 014.D | E59: Halkalı Üniversite İstasyonunun Topraklama Tesisinin Temin ve Yerleştirilmesi | H59: set | I59: 2250000 | K59: 1 | L59: =+ROUND(I59*K59,2) -> 2250000 | N59: =+'Yeşil Defter'!K67 -> 0 | O59: =+'Yeşil Defter'!L67 -> 0 | P59: =+'Yeşil Defter'!M67 -> 0 | R59: =+ROUND(I59*N59,2) -> 0 | S59: =+T59-R59 -> 0 | T59: =+ROUND(I59*P59,2) -> 0 | X59: =IF(AND(P60>K60*1.2, (P60-K60)*I60 > $L$13*0.01), "RBF", "-") -> -
A60: 1.A | C60: 34 | D60: 015.A | E60: Barbaros İstasyonu İnşaat Alanının Eski Haline Getirilmesi veya Yeniden Düzenlenmesi İşleri (IS-01) | H60: m² | I60: 2400 | K60: 5500 | L60: =+ROUND(I60*K60,2) -> 13200000 | N60: =+'Yeşil Defter'!K68 -> 0 | O60: =+'Yeşil Defter'!L68 -> 0 | P60: =+'Yeşil Defter'!M68 -> 0 | R60: =+ROUND(I60*N60,2) -> 0 | S60: =+T60-R60 -> 0 | T60: =+ROUND(I60*P60,2) -> 0 | X60: =IF(AND(P61>K61*1.2, (P61-K61)*I61 > $L$13*0.01), "RBF", "-") -> -
A61: 1.A | C61: 35 | D61: 015.B | E61: Malazgirt İstasyonunun İnşaat Alanının Eski Haline Getirilmesi veya Yeniden Düzenlenmesi İşleri (IS-02) | H61: m² | I61: 2400 | K61: 6500 | L61: =+ROUND(I61*K61,2) -> 15600000 | N61: =+'Yeşil Defter'!K69 -> 0 | O61: =+'Yeşil Defter'!L69 -> 0 | P61: =+'Yeşil Defter'!M69 -> 0 | R61: =+ROUND(I61*N61,2) -> 0 | S61: =+T61-R61 -> 0 | T61: =+ROUND(I61*P61,2) -> 0 | X61: =IF(AND(P62>K62*1.2, (P62-K62)*I62 > $L$13*0.01), "RBF", "-") -> -
A62: 1.A | C62: 36 | D62: 015.C | E62: Fatih İstasyonunun İnşaat Alanının Eski Haline Getirilmesi veya Yeniden Düzenlenmesi İşleri (IS-04) | H62: m² | I62: 2400 | K62: 8000 | L62: =+ROUND(I62*K62,2) -> 19200000 | N62: =+'Yeşil Defter'!K70 -> 0 | O62: =+'Yeşil Defter'!L70 -> 0 | P62: =+'Yeşil Defter'!M70 -> 0 | R62: =+ROUND(I62*N62,2) -> 0 | S62: =+T62-R62 -> 0 | T62: =+ROUND(I62*P62,2) -> 0 | X62: =IF(AND(P63>K63*1.2, (P63-K63)*I63 > $L$13*0.01), "RBF", "-") -> -
A63: 1.A | C63: 37 | D63: 015.D | E63: Halkalı Üniversite İstasyonunun İnşaat Alanının Eski Haline Getirilmesi veya Yeniden Düzenlenmesi İşleri (IS-05) | H63: m² | I63: 2400 | K63: 20500 | L63: =+ROUND(I63*K63,2) -> 49200000 | N63: =+'Yeşil Defter'!K71 -> 0 | O63: =+'Yeşil Defter'!L71 -> 0 | P63: =+'Yeşil Defter'!M71 -> 0 | R63: =+ROUND(I63*N63,2) -> 0 | S63: =+T63-R63 -> 0 | T63: =+ROUND(I63*P63,2) -> 0 | X63: =IF(AND(P64>K64*1.2, (P64-K64)*I64 > $L$13*0.01), "RBF", "-") -> -
A64: 1.A | C64: 38 | D64: 016.A | E64: Barbaros İstasyonu İnşaat İşleri Tasarım Hizmetleri | H64: set | I64: 6167886 | K64: 1 | L64: =+ROUND(I64*K64,2) -> 6167886 | N64: =+'Yeşil Defter'!K72 -> 0 | O64: =+'Yeşil Defter'!L72 -> 0 | P64: =+'Yeşil Defter'!M72 -> 0 | R64: =+ROUND(I64*N64,2) -> 0 | S64: =+T64-R64 -> 0 | T64: =+ROUND(I64*P64,2) -> 0 | X64: =IF(AND(P65>K65*1.2, (P65-K65)*I65 > $L$13*0.01), "RBF", "-") -> -
A65: 1.A | C65: 39 | D65: 016.B | E65: Malazgirt İstasyonu İnşaat İşleri Tasarım Hizmetleri | H65: set | I65: 6167886 | K65: 1 | L65: =+ROUND(I65*K65,2) -> 6167886 | N65: =+'Yeşil Defter'!K73 -> 0 | O65: =+'Yeşil Defter'!L73 -> 0 | P65: =+'Yeşil Defter'!M73 -> 0 | R65: =+ROUND(I65*N65,2) -> 0 | S65: =+T65-R65 -> 0 | T65: =+ROUND(I65*P65,2) -> 0 | X65: =IF(AND(P66>K66*1.2, (P66-K66)*I66 > $L$13*0.01), "RBF", "-") -> -
A66: 1.A | C66: 40 | D66: 016.C | E66: Mimar Sinan İstasyonu İnşaat İşleri Tasarım Hizmetleri | H66: set | I66: 14017922 | K66: 1 | L66: =+ROUND(I66*K66,2) -> 14017922 | N66: =+'Yeşil Defter'!K74 -> 0 | O66: =+'Yeşil Defter'!L74 -> 0 | P66: =+'Yeşil Defter'!M74 -> 0 | R66: =+ROUND(I66*N66,2) -> 0 | S66: =+T66-R66 -> 0 | T66: =+ROUND(I66*P66,2) -> 0 | X66: =IF(AND(P67>K67*1.2, (P67-K67)*I67 > $L$13*0.01), "RBF", "-") -> -
... A69: 1.A | C69: 43 | D69: 016.F | E69: Kirazlı- Halkalı Üniversite Kuyruk Tüneli Arası Hat Yapıları İnşaat İşleri Tasarım Hizmetleri | H69: set | I69: 15419714 | K69: 1 | L69: =+ROUND(I69*K69,2) -> 15419714 | N69: =+'Yeşil Defter'!K77 -> 0 | O69: =+'Yeşil Defter'!L77 -> 0 | P69: =+'Yeşil Defter'!M77 -> 0 | R69: =+ROUND(I69*N69,2) -> 0 | S69: =+T69-R69 -> 0 | T69: =+ROUND(I69*P69,2) -> 0 | X69: =IF(AND(P70>K70*1.2, (P70-K70)*I70 > $L$13*0.01), "RBF", "-") -> -
A70: İ | E70: YÜKLENİCİ | H70: DANIŞMAN | N70: İDARE
A71: İ | E71: Kalyon-Özgün Metro İnşaatı Adi Ortaklığı | H71: Yüksel Proje A.Ş. | N71: T.C. İSTANBUL BÜYÜKŞEHİR BELEDİYESİ Raylı Sistem Dairesi Başkanlığı Avrupa Yakası Raylı Sistem Şube Müdürlüğü
A72: İ
A73: İ
A74: İ
A75: İ | H75: Aybüke YEĞEN | K75: Yılmaz SATI | N75: Özkan SAĞIR | P75: Atilla Alkan | S75: Hasan Tecelli TEMÜZ
A76: İ | H76: Hakediş, Mukavele Takip, Kesin Hesap Kontrol Mühendisi | K76: Hakediş, Mukavele Takip, Kesin Hesap Kontrol Mühendisi | N76: İnşaat Kontrol Mühendisi | P76: İnşaat Kontrol Mühendisi | S76: İnşaat Kontrol Mühendisi
A77: İ
A78: İ
A79: İ | E79: Kemal YERLİ Proje Müdürü | H79: Orhan KOCA Proje Müdürü | N79: Osman ŞAHİN İnşaat Müdür Yardımcısı
A80: İS
A81: 1.A | C81: 44 | D81: 017.A | E81: Barbaros İstasyonu Mimari ve İnce İşleri Tasarım Hizmetleri | H81: set | I81: 4205377 | K81: 1 | L81: =+ROUND(I81*K81,2) -> 4205377 | N81: =+'Yeşil Defter'!K78 -> 0 | O81: =+'Yeşil Defter'!L78 -> 0 | P81: =+'Yeşil Defter'!M78 -> 0 | R81: =+ROUND(I81*N81,2) -> 0 | S81: =+T81-R81 -> 0 | T81: =+ROUND(I81*P81,2) -> 0 | X81: =IF(AND(P82>K82*1.2, (P82-K82)*I82 > $L$13*0.01), "RBF", "-") -> -
A82: 1.A | C82: 45 | D82: 017.B | E82: Malazgirt İstasyonu Mimari ve İnce İşleri Tasarım Hizmetleri | H82: set | I82: 4205377 | K82: 1 | L82: =+ROUND(I82*K82,2) -> 4205377 | N82: =+'Yeşil Defter'!K79 -> 0 | O82: =+'Yeşil Defter'!L79 -> 0 | P82: =+'Yeşil Defter'!M79 -> 0 | R82: =+ROUND(I82*N82,2) -> 0 | S82: =+T82-R82 -> 0 | T82: =+ROUND(I82*P82,2) -> 0 | X82: =IF(AND(P83>K83*1.2, (P83-K83)*I83 > $L$13*0.01), "RBF", "-") -> -
A83: 1.A | C83: 46 | D83: 017.C | E83: Mimar Sinan İstasyonu Mimari ve İnce İşleri Tasarım Hizmetleri | H83: set | I83: 5326810 | K83: 1 | L83: =+ROUND(I83*K83,2) -> 5326810 | N83: =+'Yeşil Defter'!K80 -> 0 | O83: =+'Yeşil Defter'!L80 -> 0 | P83: =+'Yeşil Defter'!M80 -> 0 | R83: =+ROUND(I83*N83,2) -> 0 | S83: =+T83-R83 -> 0 | T83: =+ROUND(I83*P83,2) -> 0 | X83: =IF(AND(P84>K84*1.2, (P84-K84)*I84 > $L$13*0.01), "RBF", "-") -> -
A84: 1.A | C84: 47 | D84: 017.D | E84: Fatih İstasyonu Mimari ve İnce İşleri Tasarım Hizmetleri | H84: set | I84: 5326810 | K84: 1 | L84: =+ROUND(I84*K84,2) -> 5326810 | N84: =+'Yeşil Defter'!K81 -> 0 | O84: =+'Yeşil Defter'!L81 -> 0 | P84: =+'Yeşil Defter'!M81 -> 0 | R84: =+ROUND(I84*N84,2) -> 0 | S84: =+T84-R84 -> 0 | T84: =+ROUND(I84*P84,2) -> 0 | X84: =IF(AND(P85>K85*1.2, (P85-K85)*I85 > $L$13*0.01), "RBF", "-") -> -
A85: 1.A | C85: 48 | D85: 017.E | E85: Halkalı Üniversite İstasyonu Mimari ve İnce İşleri Tasarım Hizmetleri | H85: set | I85: 4205377 | K85: 1 | L85: =+ROUND(I85*K85,2) -> 4205377 | N85: =+'Yeşil Defter'!K82 -> 0 | O85: =+'Yeşil Defter'!L82 -> 0 | P85: =+'Yeşil Defter'!M82 -> 0 | R85: =+ROUND(I85*N85,2) -> 0 | S85: =+T85-R85 -> 0 | T85: =+ROUND(I85*P85,2) -> 0 | X85: =IF(AND(P86>K86*1.2, (P86-K86)*I86 > $L$13*0.01), "RBF", "-") -> -
A86: 1.A
A87: 1.A
A88: 1.A
A89: 1.A
A90: 1.A
A91: 1.A
A92: 1.A
A93: 1.A
A94: 1.A
A95: 1.A
A96: 1.A
A97: 1.A
... A103: 1.A
A104: İ | E104: YÜKLENİCİ | H104: DANIŞMAN | N104: İDARE
A105: İ | E105: Kalyon-Özgün Metro İnşaatı Adi Ortaklığı | H105: Yüksel Proje A.Ş. | N105: T.C. İSTANBUL BÜYÜKŞEHİR BELEDİYESİ Raylı Sistem Dairesi Başkanlığı Avrupa Yakası Raylı Sistem Şube Müdürlüğü
A106: İ
A107: İ
A108: İ
A109: İ | H109: Aybüke YEĞEN | K109: Yılmaz SATI | N109: Özkan SAĞIR | P109: Atilla Alkan | S109: Hasan Tecelli TEMÜZ
A110: İ | H110: Hakediş, Mukavele Takip, Kesin Hesap Kontrol Mühendisi | K110: Hakediş, Mukavele Takip, Kesin Hesap Kontrol Mühendisi | N110: İnşaat Kontrol Mühendisi | P110: İnşaat Kontrol Mühendisi | S110: İnşaat Kontrol Mühendisi
A111: İ
...

Sheet Y.D.KAPAK İLK
A2: T.C.
A3: İSTANBUL BÜYÜKŞEHİR BELEDİYESİ
A4: Raylı Sistem Dairesi Başkanlığı
A5: Avrupa Yakası Raylı Sistem Şube Müdürlüğü
A6: Kirazlı-Halkalı Üniversite Metro Hattı İnşaat Ve Elektromekanik İşler İle M1 Hattı Elektromekanik Sistemleri Yapım İşi
A22: YEŞİL DEFTER
A27: =+Veri!$C$21 -> 6
A30: =+[9]İcmal!B16 -> Hakediş Tarihi: | F30: =Veri!$C$22 -> 46142

Sheet Yeşil Defter Kapak
A2: T.C.
A3: İstanbul Büyükşehir Belediyesi
A4: Raylı Sistem Dairesi Başkanlığı Avrupa Yakası Raylı Sistem Şube Müdürlüğü
A6: =""&TEXT(Veri!C20,"gg.aa.yyyy")&" ile "&TEXT(Veri!C22,"gg.aa.yyyy")&" Tarihleri Arasında Yapılan İmalat ve İhzarata Ait" -> 01.04.2026 ile 30.04.2026 Tarihleri Arasında Yapılan İmalat ve İhzarata Ait
A8: ="0"&Veri!C21&" NO'LU HAKEDİŞ - YEŞİL DEFTER/KAPAK" -> 06 NO'LU HAKEDİŞ - YEŞİL DEFTER/KAPAK
A10: İŞİN | B10: Adı: | D10: Kirazlı-Halkalı Üniversite Metro Hattı İnşaat Ve Elektromekanik İşler İle M1 Hattı Elektromekanik Sistemleri Yapım İşi
B12: İdare: | D12: T.C. İSTANBUL BÜYÜKŞEHİR BELEDİYESİ RAYLI SİSTEM DAİRE BAŞKANLIĞI AVRUPA YAKASI RAYLI SİSTEM MÜDÜRLÜĞÜ
B14: Danışman: | D14: YÜKSEL PROJE A.Ş.
B16: Yüklenici: | D16: KALYON-ÖZGÜN METRO İNŞAATI ADİ ORTAKLIĞI TİCARİ İŞLETMESİ
B18: İhale Bedeli: | D18: 21.982.861.000,00 TL + KDV
D20: Adı Soyadı | F20: Tarih | G20: İmza
A21: Düzenleyen | D21: Kalyon-Özgün Metro İnşaatı Adi Ortaklığı Ticari İşletmesi
A22: İnceleyen | D22: Yüksel Proje A.Ş.
A23: İnceleyen/Kontrol Teknikeri | D23: Hasan Fehmi KARACA
A24: İnceleyen/Kontrol Mühendisi | D24: Mehmet Zeki ERTÜRK
A25: İnceleyen/Kontrol Mühendisi | D25: Atilla ALKAN
A26: İnceleyen/Kontrol Mühendisi | D26: Ferhat KARAOĞLAN
A27: İnceleyen/Kontrol Mühendisi | D27: Yavuz TAŞ
A28: İnceleyen/Kontrol Mühendisi | D28: Uğur ERKEN
A29: İnceleyen/Kontrol Mühendisi | D29: Özkan SAĞIR
A30: İnceleyen/Kontrol Mühendisi | D30: Hasan Tecelli TEMÜZ
A31: İnceleyen/Kontrol Mühendisi | D31: Yasin YEŞİLDAĞ
A32: İnceleyen/Kontrol Mühendisi | D32: Ahmet Resul KESKİN
... A36: Avrupa Yakası Raylı Sistem Müdürü | D36: Ahmet ÖNAL

Sheet Yeşil Defter Dönemsel
C2: T.C.
C3: İSTANBUL BÜYÜKŞEHİR BELEDİYESİ
C4: Raylı Sistem Dairesi Başkanlığı Avrupa Yakası Raylı Sistem Şube Müdürlüğü
C6: Kirazlı-Halkalı Üniversite Metro Hattı İnşaat Ve Elektromekanik İşler İle M1 Hattı Elektromekanik Sistemleri Yapım İşi
C7: YEŞİL DEFTER
K8: =+Veri!$C$22 -> 46142
K9: =+Veri!$C$21 -> 6
I11: 31.03.2026 İTİBARİYLE İMALAT MİKTARLARI
C12: SIRA NO | D12: POZ NO | E12: BİRİM FİYAT ADI | H12: BİRİM | I12: ÖNCEKİ | J12: BU DEFA | K12: TOPLAM
A13: Filtre | C13: KİRAZLI-HALKALI ÜNİVERSİTE METRO HATTI İNŞAAT VE ELEKTROMEKANİK İŞLER İLE M1 HATTI ELEKTROMEKANİK SİSTEMLERİ YAPIM İŞİ
A14: B | D14: 1- KABA ve İNCE İNŞAAT İŞLERİ
A15: 1 | D15: 1.A-AÇIKTA İNŞAAT İŞLERİ
A16: 1.A | C16: 1 | D16: 001 | E16: Binaların Yıkılması | H16: m² | I16: =+'Metraj Özeti'!I16 -> 0 | J16: =+'Metraj Özeti'!J16 -> 0 | K16: =+'Metraj Özeti'!K16 -> 0
A17: 1.A | C17: 2 | D17: 002.A | E17: Demirli ve Demirsiz Betonun Kompresörle Kırılması | H17: m³ | I17: =+'Metraj Özeti'!I17 -> 0 | J17: =+'Metraj Özeti'!J17 -> 0 | K17: =+'Metraj Özeti'!K17 -> 0
A18: 1.A | C18: 3 | D18: 002.B | E18: Demirli ve Demirsiz Betonun Ekskavatör veya Benzeri İş Makinesi ile Kırılması | H18: m³ | I18: =+'Metraj Özeti'!I18 -> 0 | J18: =+'Metraj Özeti'!J18 -> 0 | K18: =+'Metraj Özeti'!K18 -> 0
A19: 1.A | C19: 4 | D19: 002.C | E19: Karot Delme ve Beton Kesme Makineları ile Her Türlü Betonun Kesilmesi | H19: m³ | I19: =+'Metraj Özeti'!I19 -> 0 | J19: =+'Metraj Özeti'!J19 -> 0 | K19: =+'Metraj Özeti'!K19 -> 0
A20: 1.A | C20: 5 | D20: 003 | E20: Her tip zeminde ve kayada, her derinlikte kazı yapılması (nakliye, döküm ve kazı sırasındaki drenaj dahil) (Açık Alanda) | H20: m³ | I20: =+'Metraj Özeti'!I20 -> 0 | J20: =+'Metraj Özeti'!J20 -> 0 | K20: =+'Metraj Özeti'!K20 -> 0
A21: 1.A | C21: 6 | D21: 004.A | E21: Kazıdan Çıkan veya Ariyetten Alınan Malzeme ile Dolgu Yapılması | H21: m³ | I21: =+'Metraj Özeti'!I21 -> 0 | J21: =+'Metraj Özeti'!J21 -> 0 | K21: =+'Metraj Özeti'!K21 -> 0
A22: 1.A | C22: 7 | D22: 004.B | E22: Kum, Çakıl, Kırma Tas ve Benzeri Malzeme ile Dolgu Yapılması | H22: m³ | I22: =+'Metraj Özeti'!I22 -> 0 | J22: =+'Metraj Özeti'!J22 -> 0 | K22: =+'Metraj Özeti'!K22 -> 0
A23: 1.A | C23: 8 | D23: 005 | E23: Püskürtme Beton (Açık alanda) | H23: m³ | I23: =+'Metraj Özeti'!I23 -> 0 | J23: =+'Metraj Özeti'!J23 -> 0 | K23: =+'Metraj Özeti'!K23 -> 0
A24: 1.A | C24: 9 | D24: 006.A | E24: 125 mm Delik İçine 14 mm Kalınlığında S420a ile Zemin Çivisi Teşkili | H24: m | I24: =+'Metraj Özeti'!I24 -> 0 | J24: =+'Metraj Özeti'!J24 -> 0 | K24: =+'Metraj Özeti'!K24 -> 0
A25: 1.A | C25: 10 | D25: 006.B | E25: 125 mm Delik İçine 26 mm Kalınlığında S420a ile Zemin Çivisi Teşkili | H25: m | I25: =+'Metraj Özeti'!I25 -> 0 | J25: =+'Metraj Özeti'!J25 -> 0 | K25: =+'Metraj Özeti'!K25 -> 0
A26: 1.A | C26: 11 | D26: 007.A | E26: L=3 m Kaya Bulonu | H26: adet | I26: =+'Metraj Özeti'!I26 -> 0 | J26: =+'Metraj Özeti'!J26 -> 0 | K26: =+'Metraj Özeti'!K26 -> 0
A27: 1.A | C27: 12 | D27: 007.B | E27: L=4 m Kaya Bulonu | H27: adet | I27: =+'Metraj Özeti'!I27 -> 0 | J27: =+'Metraj Özeti'!J27 -> 0 | K27: =+'Metraj Özeti'!K27 -> 0
... A32: 1.A | C32: 17 | D32: 009.B | E32: Demirli C30/37 Beton İmali ve Dökülmesi | H32: m³ | I32: =+'Metraj Özeti'!I32 -> 0 | J32: =+'Metraj Özeti'!J32 -> 0 | K32: =+'Metraj Özeti'!K32 -> 0
A33: 1.A | C33: 18 | D33: 010.A | E33: Çelik Donatı (S420a) | H33: ton | I33: =+'[2]Metraj Özeti'!AG33 -> 0 | J33: =+'[2]Metraj Özeti'!AH33 -> 0 | K33: =+'[2]Metraj Özeti'!AI33 -> 0
A34: 1.A | C34: 18 | D34: 010.A | E34: Çelik Donatı (S420a) | H34: ton | I34: =+'Metraj Özeti'!I34 -> 0 | J34: =+'Metraj Özeti'!J34 -> 0 | K34: =+'Metraj Özeti'!K34 -> 0
A35: 1.A | C35: 19 | D35: 010.B | E35: Çelik hasır (S500) | H35: ton | I35: =+'Metraj Özeti'!I35 -> 0 | J35: =+'Metraj Özeti'!J35 -> 0 | K35: =+'Metraj Özeti'!K35 -> 0
A36: 1.A | C36: 20 | D36: 011.A | E36: Dikey yüzeylerde su yalıtımı uygulaması (dış yüzeye geotekstil keçe, 2 mm kalınlıklı PVC membran, uygulama yüzeyinin İdarenin uygun gördüğü malzeme ile düzeltilmesi dahil) | H36: m² | I36: =+'Metraj Özeti'!I36 -> 0 | J36: =+'Metraj Özeti'!J36 -> 0 | K36: =+'Metraj Özeti'!K36 -> 0
A37: 1.A | C37: 21 | D37: 011.B | E37: Temel döşemesinde su yalıtımı uygulaması (iç ve dış yüzeye geotekstil keçe, 2 mm kalınlıklı PVC membran ve hasır çelik donatılı koruma betonu dahil) | H37: m² | I37: =+'Metraj Özeti'!I37 -> 0 | J37: =+'Metraj Özeti'!J37 -> 0 | K37: =+'Metraj Özeti'!K37 -> 0
A38: 1.A | C38: 22 | D38: 011.C | E38: Üst döşemede su yalıtımı uygulaması (iç ve dış yüzeye geotekstil keçe, 2 mm kalınlıklı PVC membran ve hasır çelik donatılı koruma betonu dahil) | H38: m² | I38: =+'Metraj Özeti'!I38 -> 0 | J38: =+'Metraj Özeti'!J38 -> 0 | K38: =+'Metraj Özeti'!K38 -> 0
A39: 1.A | C39: 23 | D39: 012 | E39: Su Tutucular (Açık Alanda) | H39: m | I39: =+'Metraj Özeti'!I39 -> 0 | J39: =+'Metraj Özeti'!J39 -> 0 | K39: =+'Metraj Özeti'!K39 -> 0
A40: 1.A | C40: 24 | D40: 013.A | E40: Barbaros İst. İksa Yapılması | H40: m² | I40: =+'Metraj Özeti'!I40 -> 0 | J40: =+'Metraj Özeti'!J40 -> 0 | K40: =+'Metraj Özeti'!K40 -> 0
A41: 1.A | C41: 25 | D41: 013.B | E41: Malazgirt İst. İksa Yapılması | H41: m² | I41: =+'Metraj Özeti'!I41 -> 0 | J41: =+'Metraj Özeti'!J41 -> 0 | K41: =+'Metraj Özeti'!K41 -> 0
A42: 1.A | C42: 26 | D42: 013.C | E42: Fatih İst. İksa Yapılması | H42: m² | I42: =+'Metraj Özeti'!I42 -> 0 | J42: =+'Metraj Özeti'!J42 -> 0 | K42: =+'Metraj Özeti'!K42 -> 0
A43: 1.A | C43: 27 | D43: 013.D | E43: Halkalı Üniversite İst. İksa Yapılması | H43: m² | I43: =+'Metraj Özeti'!I43 -> 0 | J43: =+'Metraj Özeti'!J43 -> 0 | K43: =+'Metraj Özeti'!K43 -> 0
A44: 1.A | C44: 28 | D44: 013.E | E44: Şaftlarda İksa Yapılması | H44: m² | I44: =+'Metraj Özeti'!I44 -> 0 | J44: =+'Metraj Özeti'!J44 -> 0 | K44: =+'Metraj Özeti'!K44 -> 0
A45: 1.A | C45: 29 | D45: 013.F | E45: Aç-Kapa Yapılarında İksa Yapılması | H45: m² | I45: =+'Metraj Özeti'!I45 -> 0 | J45: =+'Metraj Özeti'!J45 -> 0 | K45: =+'Metraj Özeti'!K45 -> 0
... A64: 1.A | C64: 48 | D64: 017.E | E64: Halkalı Üniversite İstasyonu Mimari ve İnce İşleri Tasarım Hizmetleri | H64: set | I64: =+'Metraj Özeti'!I64 -> 0 | J64: =+'Metraj Özeti'!J64 -> 0 | K64: =+'Metraj Özeti'!K64 -> 0
A65: 1 | D65: 1.B-TÜNEL İNŞAAT İŞLERİ
A66: 1.B | C66: 49 | D66: 018 | E66: Geleneksel (NATM) Tünel Kazısı | H66: m³ | I66: =+'Metraj Özeti'!I66 -> 53746.188 | J66: =+'Metraj Özeti'!J66 -> #REF! | K66: =+'Metraj Özeti'!K66 -> #REF!
A67: 1.B | C67: 50 | D67: 019.A | E67: Kazıdan çıkan veya Ariyetten alınan malzeme ile geri dolgu yapılması | H67: m³ | I67: =+'Metraj Özeti'!I67 -> 0 | J67: =+'Metraj Özeti'!J67 -> #REF! | K67: =+'Metraj Özeti'!K67 -> #REF!
A68: 1.B | C68: 51 | D68: 019.B | E68: Kum, Çakıl, Kırma Tas ve Benzeri Malzeme ile Dolgu Yapılması | H68: m³ | I68: =+'Metraj Özeti'!I68 -> 0 | J68: =+'Metraj Özeti'!J68 -> #REF! | K68: =+'Metraj Özeti'!K68 -> #REF!
A69: 1.B | C69: 52 | D69: 020 | E69: Püskürtme Beton (Tünel ve Şaftlarda) | H69: m³ | I69: =+'Metraj Özeti'!I69 -> 11287.99 | J69: =+'Metraj Özeti'!J69 -> #REF! | K69: =+'Metraj Özeti'!K69 -> #REF!
A70: 1.B | C70: 53 | D70: 021.A | E70: Delgi boyu =< 30m | H70: m | I70: =+'Metraj Özeti'!I70 -> 0 | J70: =+'Metraj Özeti'!J70 -> #REF! | K70: =+'Metraj Özeti'!K70 -> #REF!
A71: 1.B | C71: 54 | D71: 021.B | E71: Delgi boyu > 30m | H71: m | I71: =+'Metraj Özeti'!I71 -> 0 | J71: =+'Metraj Özeti'!J71 -> #REF! | K71: =+'Metraj Özeti'!K71 -> #REF!
A72: 1.B | C72: 55 | D72: 022.A | E72: L=3 m Kaya Bulonu | H72: adet | I72: =+'Metraj Özeti'!I72 -> 0 | J72: =+'Metraj Özeti'!J72 -> #REF! | K72: =+'Metraj Özeti'!K72 -> #REF!
A73: 1.B | C73: 56 | D73: 022.B | E73: L=4 m Kaya Bulonu | H73: adet | I73: =+'Metraj Özeti'!I73 -> 2492 | J73: =+'Metraj Özeti'!J73 -> #REF! | K73: =+'Metraj Özeti'!K73 -> #REF!
A74: 1.B | C74: 57 | D74: 022.C | E74: L=5 m Kaya Bulonu | H74: adet | I74: =+'Metraj Özeti'!I74 -> 0 | J74: =+'Metraj Özeti'!J74 -> #REF! | K74: =+'Metraj Özeti'!K74 -> #REF!
A75: 1.B | C75: 58 | D75: 022.D | E75: L=6 m Kaya Bulonu | H75: adet | I75: =+'Metraj Özeti'!I75 -> 2074 | J75: =+'Metraj Özeti'!J75 -> #REF! | K75: =+'Metraj Özeti'!K75 -> #REF!
A76: 1.B | C76: 59 | D76: 022.E | E76: L=8 m Kaya Bulonu | H76: adet | I76: =+'Metraj Özeti'!I76 -> 9774 | J76: =+'Metraj Özeti'!J76 -> #REF! | K76: =+'Metraj Özeti'!K76 -> #REF!
A77: 1.B | C77: 60 | D77: 023.A | E77: 125 mm Delik İçine 14 mm Kalınlığında S420a ile Zemin Çivisi Teşkili | H77: m | I77: =+'Metraj Özeti'!I77 -> 37566 | J77: =+'Metraj Özeti'!J77 -> #REF! | K77: =+'Metraj Özeti'!K77 -> #REF!
... A96: 1.B | C96: 79 | D96: 031 | E96: TBM/EPB Tünel İnşaatı | H96: m | I96: =+'Metraj Özeti'!I96 -> 0 | J96: =+'Metraj Özeti'!J96 -> #REF! | K96: =+'Metraj Özeti'!K96 -> #REF!
A97: 1 | D97: 1.C-JEOTEKNİK ÖLÇÜMLER
A98: 1.C | C98: 80 | D98: 032 | E98: Araştırma Sondajı Yapılması ve Raporları | H98: m | I98: =+'Metraj Özeti'!I98 -> 0 | J98: =+'Metraj Özeti'!J98 -> 0 | K98: =+'Metraj Özeti'!K98 -> 0
A99: 1.C | C99: 81 | D99: 033 | E99: Geomekanik İzleme Aletleri temini ve montajı | H99: set | I99: =+'Metraj Özeti'!I99 -> 0 | J99: =+'Metraj Özeti'!J99 -> 0.065803125 | K99: =+'Metraj Özeti'!K99 -> 0.065803125
A100: 1.C | C100: 82 | D100: 034 | E100: Geomekanik İzleme için ölçümlerin okunması, işlenmesi, sunumu ve değerlendirilmesi | H100: set | I100: =+'Metraj Özeti'!I100 -> 0.2535 | J100: =+'Metraj Özeti'!J100 -> 0.0169 | K100: =+'Metraj Özeti'!K100 -> 0.2704
A101: 1 | D101: 1.D-İNCE İNŞAAT İŞLERİ
A102: 1.D | C102: 83 | D102: 101 | E102: Çimento Esaslı Sürme Su Yalıtımı Yapılması | H102: m² | I102: =+'Metraj Özeti'!I102 -> 0 | J102: =+'Metraj Özeti'!J102 -> 0 | K102: =+'Metraj Özeti'!K102 -> 0
A103: 1.D | C103: 84 | D103: 102 | E103: SCR.01 - Şap | H103: m² | I103: =+'Metraj Özeti'!I103 -> 0 | J103: =+'Metraj Özeti'!J103 -> 0 | K103: =+'Metraj Özeti'!K103 -> 0
A104: 1.D | C104: 85 | D104: 103 | E104: Tesviye Tabakası Yapılması | H104: m³ | I104: =+'Metraj Özeti'!I104 -> 0 | J104: =+'Metraj Özeti'!J104 -> 0 | K104: =+'Metraj Özeti'!K104 -> 0
A105: 1.D | C105: 86 | D105: 104.A | E105: PA.01 - 60x60 granit seramik zemin kaplama- Gri (RAL 7026) | H105: m² | I105: =+'Metraj Özeti'!I105 -> 0 | J105: =+'Metraj Özeti'!J105 -> 0 | K105: =+'Metraj Özeti'!K105 -> 0
A106: 1.D | C106: 87 | D106: 104.B | E106: PA.02 - 30x30 granit seramik zemin kaplama- Gri (RAL 7026) | H106: m² | I106: =+'Metraj Özeti'!I106 -> 0 | J106: =+'Metraj Özeti'!J106 -> 0 | K106: =+'Metraj Özeti'!K106 -> 0
A107: 1.D | C107: 88 | D107: 104.C | E107: PA.02B - 30x30 granit seramik duvar kaplama- Gri (RAL 7026) | H107: m² | I107: =+'Metraj Özeti'!I107 -> 0 | J107: =+'Metraj Özeti'!J107 -> 0 | K107: =+'Metraj Özeti'!K107 -> 0
A108: 1.D | C108: 89 | D108: 105.A | E108: PA.03 - 40x40cm Açık Gri Porselen Karo (Granit seramik)- Dur İkaz/uyarı karosu , Seramik Yapıştırma Harcı dahil | H108: m² | I108: =+'Metraj Özeti'!I108 -> 0 | J108: =+'Metraj Özeti'!J108 -> 0 | K108: =+'Metraj Özeti'!K108 -> 0
A109: 1.D | C109: 90 | D109: 105.B | E109: PA.04 - 40x40cm Açık Gri Porselen Karo (Granit seramik)- Klavuz/yönlendirme Seramik Yapıştırma Harcı | H109: m² | I109: =+'Metraj Özeti'!I109 -> 0 | J109: =+'Metraj Özeti'!J109 -> 0 | K109: =+'Metraj Özeti'!K109 -> 0
A110: 1.D | C110: 91 | D110: 106.A | E110: PA.03A - 40x40cm Açık çimento Porselen Karo (Granit seramik)- İkaz/uyarı - Seramik Yapıştırma Harcı | H110: m² | I110: =+'Metraj Özeti'!I110 -> 0 | J110: =+'Metraj Özeti'!J110 -> 0 | K110: =+'Metraj Özeti'!K110 -> 0
A111: 1.D | C111: 92 | D111: 106.B | E111: PA.04A - 40x40cm Açık çimento Porselen Karo (Granit seramik)- Klavuz/yönlendirme- Seramik Yapıştırma Harcı | H111: m² | I111: =+'Metraj Özeti'!I111 -> 0 | J111: =+'Metraj Özeti'!J111 -> 0 | K111: =+'Metraj Özeti'!K111 -> 0
A112: 1.D | C112: 93 | D112: 107.A | E112: PA.07 - "Aksaray Yaylak" granit zemin kaplama-mucertalı, 30cm*serbest boy (en az 60cm) *min3cm | H112: m² | I112: =+'Metraj Özeti'!I112 -> 0 | J112: =+'Metraj Özeti'!J112 -> 0 | K112: =+'Metraj Özeti'!K112 -> 0
A113: 1.D | C113: 94 | D113: 107.B | E113: PA.07 - Ankara Füme granit zemin kaplama-mucertalı, 30cm*serbest boy (en az 60cm) *min3cm | H113: m² | I113: =+'Metraj Özeti'!I113 -> 0 | J113: =+'Metraj Özeti'!J113 -> 0 | K113: =+'Metraj Özeti'!K113 -> 0
... A203: 1.D | C203: 184 | D203: 159 | E203: MED.01 Acil çıkış kapısı - mekanik aksamlı, elle açılır | H203: adet | I203: =+'Metraj Özeti'!I203 -> 0 | J203: =+'Metraj Özeti'!J203 -> 0 | K203: =+'Metraj Özeti'!K203 -> 0
A204: B | D204: 2-ELEKTRİK İŞLERİ
A205: 2 | C205: 185 | D205: 201 | E205: Güç Temini ve Cer Gücü Tasarımı | H205: set | I205: =+'Metraj Özeti'!I205 -> 0 | J205: =+'Metraj Özeti'!J205 -> 0 | K205: =+'Metraj Özeti'!K205 -> 0
A206: 2 | C206: 186 | D206: 202.A | E206: Barbaros İstasyonu - 34,5 kV Şalt Sistemi | H206: set | I206: =+'Metraj Özeti'!I206 -> 0 | J206: =+'Metraj Özeti'!J206 -> 0 | K206: =+'Metraj Özeti'!K206 -> 0
A207: 2 | C207: 187 | D207: 202.B | E207: Malazgirt İstasyonu - 34,5 kV Şalt Sistemi | H207: set | I207: =+'Metraj Özeti'!I207 -> 0 | J207: =+'Metraj Özeti'!J207 -> 0 | K207: =+'Metraj Özeti'!K207 -> 0
A208: 2 | C208: 188 | D208: 202.C | E208: Mimar Sinan İstasyonu - 34,5 kV Şalt Sistemi | H208: set | I208: =+'Metraj Özeti'!I208 -> 0 | J208: =+'Metraj Özeti'!J208 -> 0 | K208: =+'Metraj Özeti'!K208 -> 0
A209: 2 | C209: 189 | D209: 202.D | E209: Fatih İstasyonu - 34,5 kV Şalt Sistemi | H209: set | I209: =+'Metraj Özeti'!I209 -> 0 | J209: =+'Metraj Özeti'!J209 -> 0 | K209: =+'Metraj Özeti'!K209 -> 0
A210: 2 | C210: 190 | D210: 202.E | E210: Halkalı Üniversite İstasyonu - 34,5 kV Şalt Sistemi | H210: set | I210: =+'Metraj Özeti'!I210 -> 0 | J210: =+'Metraj Özeti'!J210 -> 0 | K210: =+'Metraj Özeti'!K210 -> 0
A211: 2 | C211: 191 | D211: 203.A | E211: Barbaros İstasyonu - 34.5 kV/0.4 kV Yardımcı Servis Trafoları | H211: set | I211: =+'Metraj Özeti'!I211 -> 0 | J211: =+'Metraj Özeti'!J211 -> 0 | K211: =+'Metraj Özeti'!K211 -> 0
A212: 2 | C212: 192 | D212: 203.B | E212: Malazgirt İstasyonu - 34.5 kV/0.4 kV Yardımcı Servis Trafoları | H212: set | I212: =+'Metraj Özeti'!I212 -> 0 | J212: =+'Metraj Özeti'!J212 -> 0 | K212: =+'Metraj Özeti'!K212 -> 0
A213: 2 | C213: 193 | D213: 203.C | E213: Mimar Sinan İstasyonu - 34.5 kV/0.4 kV Yardımcı Servis Trafoları | H213: set | I213: =+'Metraj Özeti'!I213 -> 0 | J213: =+'Metraj Özeti'!J213 -> 0 | K213: =+'Metraj Özeti'!K213 -> 0
A214: 2 | C214: 194 | D214: 203.D | E214: Fatih İstasyonu - 34.5 kV/0.4 kV Yardımcı Servis Trafoları | H214: set | I214: =+'Metraj Özeti'!I214 -> 0 | J214: =+'Metraj Özeti'!J214 -> 0 | K214: =+'Metraj Özeti'!K214 -> 0
A215: 2 | C215: 195 | D215: 203.E | E215: Halkalı Üniversite İstasyonu - 34.5 kV/0.4 kV Yardımcı Servis Trafoları | H215: set | I215: =+'Metraj Özeti'!I215 -> 0 | J215: =+'Metraj Özeti'!J215 -> 0 | K215: =+'Metraj Özeti'!K215 -> 0
A216: 2 | C216: 196 | D216: 204.A | E216: Barbaros İstasyonu - 0.4 kV Yardımcı Servis Panoları | H216: set | I216: =+'Metraj Özeti'!I216 -> 0 | J216: =+'Metraj Özeti'!J216 -> 0 | K216: =+'Metraj Özeti'!K216 -> 0
... A280: 2 | C280: 260 | D280: 218.A | E280: Enerji YönetimetreSistemi Ve Enerji Kalitesi | H280: set | I280: =+'Metraj Özeti'!I280 -> 0 | J280: =+'Metraj Özeti'!J280 -> 0 | K280: =+'Metraj Özeti'!K280 -> 0
A281: B | D281: 3-SİNYALİZASYON SİSTEMİ
A282: 3 | C282: 261 | D282: 300 | E282: Sinyalizasyon Sistemi Tasarımı | H282: takım | I282: =+'Metraj Özeti'!I282 -> 0 | J282: =+'Metraj Özeti'!J282 -> 0 | K282: =+'Metraj Özeti'!K282 -> 0
A283: 3 | C283: 262 | D283: 301 | E283: Sinyalizasyon Sistemi Merkezi Yazılımı ve Donanımı | H283: set | I283: =+'Metraj Özeti'!I283 -> 0 | J283: =+'Metraj Özeti'!J283 -> 0 | K283: =+'Metraj Özeti'!K283 -> 0
A284: 3 | C284: 263 | D284: 302 | E284: Bakım ve Depo Sahası Sinyalizasyon Sistemi | H284: set | I284: =+'Metraj Özeti'!I284 -> 0 | J284: =+'Metraj Özeti'!J284 -> 0 | K284: =+'Metraj Özeti'!K284 -> 0
A285: 3 | C285: 264 | D285: 303.A | E285: M1A Havalimanı-Yenikapı ve M1B Kirazlı-Otogar Hatboyu ve İstasyonlar Sinyalizasyon Sistemi | H285: set | I285: =+'Metraj Özeti'!I285 -> 0 | J285: =+'Metraj Özeti'!J285 -> 0 | K285: =+'Metraj Özeti'!K285 -> 0
A286: 3 | C286: 265 | D286: 303.B | E286: Kirazlı-Halkalı Üniversite Hatboyu ve İstasyonlar Sinyalizasyon Sistemi | H286: set | I286: =+'Metraj Özeti'!I286 -> 0 | J286: =+'Metraj Özeti'!J286 -> 0 | K286: =+'Metraj Özeti'!K286 -> 0
A287: 3 | C287: 266 | D287: 304.A | E287: Mevcut Makas Makinelerinin Demontajı | H287: adet | I287: =+'Metraj Özeti'!I287 -> 0 | J287: =+'Metraj Özeti'!J287 -> 0 | K287: =+'Metraj Özeti'!K287 -> 0
A288: 3 | C288: 267 | D288: 304.B | E288: Yeniden Kullanılması Planlanan Mevcut Makas Makinelerinin Montajı | H288: adet | I288: =+'Metraj Özeti'!I288 -> 0 | J288: =+'Metraj Özeti'!J288 -> 0 | K288: =+'Metraj Özeti'!K288 -> 0
A289: 3 | C289: 268 | D289: 304.C | E289: Yeni Makas Makinesinin Temini ve Montajı | H289: adet | I289: =+'Metraj Özeti'!I289 -> 0 | J289: =+'Metraj Özeti'!J289 -> 0 | K289: =+'Metraj Özeti'!K289 -> 0
A290: 3 | C290: 269 | D290: 305 | E290: Araç Üstü Sinyalizasyon Sistemi Teçhizatı Temini | H290: set | I290: =+'Metraj Özeti'!I290 -> 0 | J290: =+'Metraj Özeti'!J290 -> 0 | K290: =+'Metraj Özeti'!K290 -> 0
A291: B | D291: 4-HABERLEŞME KONTROL VE SİSTEMLERİ
A292: 4 | C292: 270 | D292: 401.A | E292: Sistem Kontrol ve Veri Toplama (SCADA) Tasarımı - İstasyonlar ve Hat Tünelleri | H292: set | I292: =+'Metraj Özeti'!I292 -> 0 | J292: =+'Metraj Özeti'!J292 -> 0 | K292: =+'Metraj Özeti'!K292 -> 0
A293: 4 | C293: 271 | D293: 401.B | E293: İletim Sistemi Tasarımı - İstasyonlar ve Hat Tünelleri | H293: set | I293: =+'Metraj Özeti'!I293 -> 0 | J293: =+'Metraj Özeti'!J293 -> 0 | K293: =+'Metraj Özeti'!K293 -> 0
A294: 4 | C294: 272 | D294: 401.C | E294: Telefon Sistemi Tasarımı - İstasyonlar ve Hat Tünelleri | H294: set | I294: =+'Metraj Özeti'!I294 -> 0 | J294: =+'Metraj Özeti'!J294 -> 0 | K294: =+'Metraj Özeti'!K294 -> 0
A295: 4 | C295: 273 | D295: 401.D | E295: Telsiz Sistemi Tasarımı - İstasyonlar ve Hat Tünelleri | H295: set | I295: =+'Metraj Özeti'!I295 -> 0 | J295: =+'Metraj Özeti'!J295 -> 0 | K295: =+'Metraj Özeti'!K295 -> 0
...

Sheet Yeşil Defter
C2: T.C.
C3: İSTANBUL BÜYÜKŞEHİR BELEDİYESİ
C4: Raylı Sistem Dairesi Başkanlığı
C5: Avrupa Yakası Raylı Sistem Şube Müdürlüğü
C7: Kirazlı-Halkalı Üniversite Metro Hattı İnşaat Ve Elektromekanik İşler İle M1 Hattı Elektromekanik Sistemleri Yapım İşi
C9: YEŞİL DEFTER
C11: ="Hakediş No: "&Veri!C21&" Hakediş Tarihi: "&TEXT(Veri!C22,"gg.aa.yyyy") -> Hakediş No: 6 Hakediş Tarihi: 30.04.2026
C13: SIRA NO | D13: POZ NO | E13: BİRİM FİYAT ADI | H13: BİRİM | I13: KEŞİF MİKTARI | J13: H.No | K13: Önceki Hakediş Miktarı | L13: Bu Hakediş Miktarı | M13: Toplam Miktar
D14: 1- KABA ve İNCE İNŞAAT İŞLERİ
D15: 1.A-AÇIKTA İNŞAAT İŞLERİ
C16: 1 | D16: 001 | E16: Binaların Yıkılması | H16: m² | I16: 4600
C17: 2 | D17: 002.A | E17: Demirli ve Demirsiz Betonun Kompresörle Kırılması | H17: m³ | I17: 528.66
C18: 3 | D18: 002.B | E18: Demirli ve Demirsiz Betonun Ekskavatör veya Benzeri İş Makinesi ile Kırılması | H18: m³ | I18: 550.69
C19: 4 | D19: 002.C | E19: Karot Delme ve Beton Kesme Makineları ile Her Türlü Betonun Kesilmesi | H19: m³ | I19: 440.55
C20: 5 | D20: 003 | E20: Her tip zeminde ve kayada, her derinlikte kazı yapılması (nakliye, döküm ve kazı sırasındaki drenaj dahil) (Açık Alanda) | H20: m³ | I20: 175497.85
C21: 6 | D21: 004.A | E21: Kazıdan Çıkan veya Ariyetten Alınan Malzeme ile Dolgu Yapılması | H21: m³ | I21: 26184.71
C22: 7 | D22: 004.B | E22: Kum, Çakıl, Kırma Tas ve Benzeri Malzeme ile Dolgu Yapılması | H22: m³ | I22: 27657.96
C23: 8 | D23: 005 | E23: Püskürtme Beton (Açık alanda) | H23: m³ | I23: 1734
C24: 9 | D24: 006.A | E24: 125 mm Delik İçine 14 mm Kalınlığında S420a ile Zemin Çivisi Teşkili | H24: m | I24: 1884
C25: 10 | D25: 006.B | E25: 125 mm Delik İçine 26 mm Kalınlığında S420a ile Zemin Çivisi Teşkili | H25: m | I25: 960
C26: 11 | D26: 007.A | E26: L=3 m Kaya Bulonu | H26: adet | I26: 530
C27: 12 | D27: 007.B | E27: L=4 m Kaya Bulonu | H27: adet | I27: 408
... C44: 28 | D44: 013.E | E44: Şaftlarda İksa Yapılması | H44: m² | I44: 3944.25
C45: YÜKLENİCİ | F45: DANIŞMAN | H45: İDARE
C46: Kalyon-Özgün Metro İnşaatı Adi Ortaklığı | F46: Yüksel Proje A.Ş. | H46: T.C. İSTANBUL BÜYÜKŞEHİR BELEDİYESİ Raylı Sistem Dairesi Başkanlığı Avrupa Yakası Raylı Sistem Şube Müdürlüğü
K51: Özkan SAĞIR | L51: Atilla ALKAN
K52: İnşaat Kontrol Mühendisi | L52: İnşaat Kontrol Mühendisi
F54: Sinan GENÇTÜRK NATM Tünel Şefi
K56: Hasan Tecelli TEMÜZ
K57: İnşaat Kontrol Mühendisi
C61: Kemal YERLİ Proje Müdürü | F61: Orhan KOCA Proje Müdürü
A62: İS
C63: 29 | D63: 013.F | E63: Aç-Kapa Yapılarında İksa Yapılması | H63: m² | I63: 920.13
C64: 30 | D64: 014.A | E64: Barbaros İstasyonunun Topraklama Tesisinin Temin ve Yerleştirilmesi | H64: set | I64: 1
C65: 31 | D65: 014.B | E65: Malazgirt İstasyonunun Topraklama Tesisinin Temin ve Yerleştirilmesi | H65: set | I65: 1
C66: 32 | D66: 014.C | E66: Fatih İstasyonunun Topraklama Tesisinin Temin ve Yerleştirilmesi | H66: set | I66: 1
C67: 33 | D67: 014.D | E67: Halkalı Üniversite İstasyonunun Topraklama Tesisinin Temin ve Yerleştirilmesi | H67: set | I67: 1
C68: 34 | D68: 015.A | E68: Barbaros İstasyonu İnşaat Alanının Eski Haline Getirilmesi veya Yeniden Düzenlenmesi İşleri (IS-01) | H68: m² | I68: 5500
C69: 35 | D69: 015.B | E69: Malazgirt İstasyonunun İnşaat Alanının Eski Haline Getirilmesi veya Yeniden Düzenlenmesi İşleri (IS-02) | H69: m² | I69: 6500
C70: 36 | D70: 015.C | E70: Fatih İstasyonunun İnşaat Alanının Eski Haline Getirilmesi veya Yeniden Düzenlenmesi İşleri (IS-04) | H70: m² | I70: 8000
C71: 37 | D71: 015.D | E71: Halkalı Üniversite İstasyonunun İnşaat Alanının Eski Haline Getirilmesi veya Yeniden Düzenlenmesi İşleri (IS-05) | H71: m² | I71: 20500
C72: 38 | D72: 016.A | E72: Barbaros İstasyonu İnşaat İşleri Tasarım Hizmetleri | H72: set | I72: 1 | J72: 1
C73: 39 | D73: 016.B | E73: Malazgirt İstasyonu İnşaat İşleri Tasarım Hizmetleri | H73: set | I73: 1 | J73: 1
C74: 40 | D74: 016.C | E74: Mimar Sinan İstasyonu İnşaat İşleri Tasarım Hizmetleri | H74: set | I74: 1
C75: 41 | D75: 016.D | E75: Fatih İstasyonu İnşaat İşleri Tasarım Hizmetleri | H75: set | I75: 1 | J75: 1
C76: 42 | D76: 016.E | E76: Halkalı Üniversite İstasyonu İnşaat İşleri Tasarım Hizmetleri | H76: set | I76: 1 | J76: 1
C77: 43 | D77: 016.F | E77: Kirazlı- Halkalı Üniversite Kuyruk Tüneli Arası Hat Yapıları İnşaat İşleri Tasarım Hizmetleri | H77: set | I77: 1 | J77: 1
C78: 44 | D78: 017.A | E78: Barbaros İstasyonu Mimari ve İnce İşleri Tasarım Hizmetleri | H78: set | I78: 1
C79: 45 | D79: 017.B | E79: Malazgirt İstasyonu Mimari ve İnce İşleri Tasarım Hizmetleri | H79: set | I79: 1
C80: 46 | D80: 017.C | E80: Mimar Sinan İstasyonu Mimari ve İnce İşleri Tasarım Hizmetleri | H80: set | I80: 1
C81: 47 | D81: 017.D | E81: Fatih İstasyonu Mimari ve İnce İşleri Tasarım Hizmetleri | H81: set | I81: 1
C82: 48 | D82: 017.E | E82: Halkalı Üniversite İstasyonu Mimari ve İnce İşleri Tasarım Hizmetleri | H82: set | I82: 1
C95: YÜKLENİCİ | F95: DANIŞMAN | H95: İDARE
C96: Kalyon-Özgün Metro İnşaatı Adi Ortaklığı | F96: Yüksel Proje A.Ş. | H96: T.C. İSTANBUL BÜYÜKŞEHİR BELEDİYESİ Raylı Sistem Dairesi Başkanlığı Avrupa Yakası Raylı Sistem Şube Müdürlüğü
F98: Ceyda Sena BALABAN Proje Kontrol Mimarı
K100: Özkan SAĞIR | L100: Atilla ALKAN
F101: Selami IŞIK Jeoteknil Ölçüm Değerlendirme Şefi | K101: İnşaat Kontrol Mühendisi | L101: İnşaat Kontrol Mühendisi
F105: Sinan GENÇTÜRK NATM Tünel Şefi | K105: Hasan Tecelli TEMÜZ
K106: İnşaat Kontrol Mühendisi
C110: Kemal YERLİ Proje Müdürü | F110: Orhan KOCA Proje Müdürü
A111: İS
D112: 1.B-TÜNEL İNŞAAT İŞLERİ
C113: 49 | D113: 018 | E113: Geleneksel (NATM) Tünel Kazısı | H113: m³ | I113: 186392.65 | J113: 3 | L113: =+M113-K113 -> 1909.884 | M113: =+[15]Hakediş!J51 -> 1909.884
C114: 50 | D114: 019.A | E114: Kazıdan çıkan veya Ariyetten alınan malzeme ile geri dolgu yapılması | H114: m³ | I114: 910 | L114: =+M114-K114 -> 0 | M114: =+[15]Hakediş!J52 -> 0
C115: 51 | D115: 019.B | E115: Kum, Çakıl, Kırma Tas ve Benzeri Malzeme ile Dolgu Yapılması | H115: m³ | I115: 1785 | L115: =+M115-K115 -> 0 | M115: =+[15]Hakediş!J53 -> 0
C116: 52 | D116: 020 | E116: Püskürtme Beton (Tünel ve Şaftlarda) | H116: m³ | I116: 38798.59 | J116: 3 | L116: =+M116-K116 -> 298.291 | M116: =+[15]Hakediş!J54 -> 298.291
C117: 53 | D117: 021.A | E117: Delgi boyu =< 30m | H117: m | I117: 19569.89 | L117: =+M117-K117 -> 0 | M117: =+[15]Hakediş!J55 -> 0
C118: 54 | D118: 021.B | E118: Delgi boyu > 30m | H118: m | I118: 10655.78 | L118: =+M118-K118 -> 0 | M118: =+[15]Hakediş!J56 -> 0
C119: 55 | D119: 022.A | E119: L=3 m Kaya Bulonu | H119: adet | I119: 800 | L119: =+M119-K119 -> 0 | M119: =+[15]Hakediş!J57 -> 0
C120: 56 | D120: 022.B | E120: L=4 m Kaya Bulonu | H120: adet | I120: 2466.42 | J120: 3 | L120: =+M120-K120 -> 0 | M120: =+[15]Hakediş!J58 -> 0
C121: 57 | D121: 022.C | E121: L=5 m Kaya Bulonu | H121: adet | I121: 2401.3 | L121: =+M121-K121 -> 0 | M121: =+[15]Hakediş!J59 -> 0
C122: 58 | D122: 022.D | E122: L=6 m Kaya Bulonu | H122: adet | I122: 2970 | L122: =+M122-K122 -> 0 | M122: =+[15]Hakediş!J60 -> 0
C123: 59 | D123: 022.E | E123: L=8 m Kaya Bulonu | H123: adet | I123: 7008.23 | J123: 3 | L123: =+M123-K123 -> 480 | M123: =+[15]Hakediş!J61 -> 480
C124: 60 | D124: 023.A | E124: 125 mm Delik İçine 14 mm Kalınlığında S420a ile Zemin Çivisi Teşkili | H124: m | I124: 156606.89 | J124: 3 | L124: =+M124-K124 -> 0 | M124: =+[15]Hakediş!J62 -> 0
C125: 61 | D125: 023.B | E125: 125 mm Delik İçine 26 mm Kalınlığında S420a ile Zemin Çivisi Teşkili | H125: m | I125: 145635 | L125: =+M125-K125 -> 0 | M125: =+[15]Hakediş!J63 -> 0
C126: 62 | D126: 024 | E126: Çelik İksa (Tünel ve Şaftlarda) | H126: ton | I126: 8410 | J126: 3 | L126: =+M126-K126 -> 68.646 | M126: =+[15]Hakediş!J64 -> 68.646
C127: 63 | D127: 025 | E127: Umbrella Arch Yapılması | H127: m | I127: 360205.7 | J127: 3 | L127: =+M127-K127 -> 0 | M127: =+[15]Hakediş!J65 -> 0
C128: 64 | D128: 026.A | E128: Tünel ve şaftlarda su yalıtımı, birim ağırlığı >=500 g/metrekare geotekstil keçe | H128: m² | I128: 78502.51 | L128: =+M128-K128 -> 0 | M128: =+[15]Hakediş!J66 -> 0
C129: 65 | D129: 026.B | E129: Tünel ve şaftlarda su yalıtımı, 2mm kalınlıklı PVC membran | H129: m² | I129: 67207.82 | L129: =+M129-K129 -> 0 | M129: =+[15]Hakediş!J67 -> 0
C130: 66 | D130: 027 | E130: Su Tutucular (Tünel ve Şaftlarda) | H130: m | I130: 11190.19 | L130: =+M130-K130 -> 0 | M130: =+[15]Hakediş!J68 -> 0
C131: 67 | D131: 028.A | E131: Kalıp (invert ve şaft için) | H131: m² | I131: 24185.25 | L131: =+M131-K131 -> 0 | M131: =+[15]Hakediş!J69 -> 0
C132: 68 | D132: 028.B | E132: Kalıp (duvar ve kemer İçin) | H132: m² | I132: 59207.42 | L132: =+M132-K132 -> 0 | M132: =+[15]Hakediş!J70 -> 0
C133: 69 | D133: 028.C | E133: Tip Kesit Dışı Konstrüksiyon Kalıbı, Tünel Alın Kalıbı | H133: m² | I133: 36357.33 | L133: =+M133-K133 -> 0 | M133: =+[15]Hakediş!J71 -> 0
C134: 70 | D134: 029.A | E134: C16 Beton İmali ve Dökülmesi (Tünel ve Şaftlarda) | H134: m³ | I134: 3898.42 | L134: =+M134-K134 -> 0 | M134: =+[15]Hakediş!J72 -> 0
C135: 71 | D135: 029.B | E135: C30 Beton İmali ve Dökülmesi (Tünel ve Şaftlarda) Tünel kaplaması, invert ve şaftlardaki alt döşeme | H135: m³ | I135: 14995.14 | L135: =+M135-K135 -> 0 | M135: =+[15]Hakediş!J73 -> 0
C136: 72 | D136: 029.C | E136: C30 Beton İmali ve Dökülmesi (Tünel ve Şaftlarda) Yan duvarlar, kemer | H136: m³ | I136: 29458.35 | L136: =+M136-K136 -> 0 | M136: =+[15]Hakediş!J74 -> 0
C137: 73 | D137: 029.D | E137: Diğer Kesit Dışındaki Yapıların Betonu C30 | H137: m³ | I137: 3917.38 | L137: =+M137-K137 -> 0 | M137: =+[15]Hakediş!J75 -> 0
C138: 74 | D138: 030.A | E138: Çelik Donatı (S220 ) | H138: ton | I138: 62.29 | J138: 3 | L138: =+M138-K138 -> 7.42 | M138: =+[15]Hakediş!J76 -> 7.42
C139: 75 | D139: 030.B | E139: Çelik Donatı (S420a ) | H139: ton | I139: 4367.51 | J139: 3 | L139: =+M139-K139 -> 0 | M139: =+[15]Hakediş!J77 -> 0
C140: 76 | D140: 030.C | E140: Çelik hasır (S500 ) | H140: ton | I140: 2581.33 | J140: 3 | L140: =+M140-K140 -> 22.183 | M140: =+[15]Hakediş!J78 -> 22.183
C141: 77 | D141: 030.D | E141: Paslanmaz Çelik Plaka | H141: kg | I141: 3500 | L141: =+M141-K141 -> 0 | M141: =+[15]Hakediş!J79 -> 0
C142: 78 | D142: 030.E | E142: Block-out Kutusu | H142: kg | I142: 4500 | L142: =+M142-K142 -> 0 | M142: =+[15]Hakediş!J80 -> 0
C143: 79 | D143: 031 | E143: TBM/EPB Tünel İnşaatı | H143: m | I143: 8960.47 | L143: =+M143-K143 -> 0 | M143: =+[15]Hakediş!J81 -> 0
C144: YÜKLENİCİ | F144: DANIŞMAN | H144: İDARE
C145: Kalyon-Özgün Metro İnşaatı Adi Ortaklığı | F145: Yüksel Proje A.Ş. | H145: T.C. İSTANBUL BÜYÜKŞEHİR BELEDİYESİ Raylı Sistem Dairesi Başkanlığı Avrupa Yakası Raylı Sistem Şube Müdürlüğü
F150: Sinan GENÇTÜRK NATM Tünel Şefi | H150: Özkan SAĞIR | L150: Yasin YEŞİLDAĞ
H151: İnşaat Kontrol Mühendisi | L151: Maden Kontrol Mühendisi
C155: Kemal YERLİ Proje Müdürü | F155: Orhan KOCA Proje Müdürü
A156: İS
D157: 1.C-JEOTEKNİK ÖLÇÜMLER
...

Sheet M.Ö.KAPAK
A2: T.C.
A3: İSTANBUL BÜYÜKŞEHİR BELEDİYESİ
A4: Raylı Sistem Dairesi Başkanlığı
A5: Avrupa Yakası Raylı Sistem Şube Müdürlüğü
A6: Kirazlı-Halkalı Üniversite Metro Hattı İnşaat Ve Elektromekanik İşler İle M1 Hattı Elektromekanik Sistemleri Yapım İşi
A22: METRAJ ÖZETİ
A27: =+Veri!$C$21 -> 6
A30: =+[9]İcmal!B16 -> Hakediş Tarihi: | F30: =Veri!$C$22 -> 46142

Sheet Metraj Özeti
C2: T.C.
C3: İSTANBUL BÜYÜKŞEHİR BELEDİYESİ
C4: Raylı Sistem Dairesi Başkanlığı Avrupa Yakası Raylı Sistem Şube Müdürlüğü
C6: Kirazlı-Halkalı Üniversite Metro Hattı İnşaat Ve Elektromekanik İşler İle M1 Hattı Elektromekanik Sistemleri Yapım İşi
C7: =+TEXT(Veri!$C$20,"gg.aa.yyyy")&" ile "&TEXT(Veri!$C$22,"gg.aa.yyyy")&" TARİHLERİ ARASI METRAJ ÖZETİ" -> 01.04.2026 ile 30.04.2026 TARİHLERİ ARASI METRAJ ÖZETİ
I11: 31.03.2026 İTİBARİYLE İMALAT MİKTARLARI
C12: SIRA NO | D12: POZ NO | E12: BİRİM FİYAT ADI | H12: BİRİM | I12: ÖNCEKİ | J12: BU DEFA | K12: TOPLAM
A13: Filtre | C13: KİRAZLI-HALKALI ÜNİVERSİTE METRO HATTI İNŞAAT VE ELEKTROMEKANİK İŞLER İLE M1 HATTI ELEKTROMEKANİK SİSTEMLERİ YAPIM İŞİ
A14: B | D14: 1- KABA ve İNCE İNŞAAT İŞLERİ
A15: 1 | D15: 1.A-AÇIKTA İNŞAAT İŞLERİ
A16: 1.A | C16: 1 | D16: 001 | E16: Binaların Yıkılması | H16: m² | I16: =+'[11]Metraj Özeti'!AI16 -> 0 | J16: =+'Yeşil Defter'!AC16 -> 0 | K16: =+J16+I16 -> 0
A17: 1.A | C17: 2 | D17: 002.A | E17: Demirli ve Demirsiz Betonun Kompresörle Kırılması | H17: m³ | I17: =+'[11]Metraj Özeti'!AI17 -> 0 | J17: =+'Yeşil Defter'!AC17 -> 0 | K17: =+J17+I17 -> 0
A18: 1.A | C18: 3 | D18: 002.B | E18: Demirli ve Demirsiz Betonun Ekskavatör veya Benzeri İş Makinesi ile Kırılması | H18: m³ | I18: =+'[11]Metraj Özeti'!AI18 -> 0 | J18: =+'Yeşil Defter'!AC18 -> 0 | K18: =+J18+I18 -> 0
A19: 1.A | C19: 4 | D19: 002.C | E19: Karot Delme ve Beton Kesme Makineları ile Her Türlü Betonun Kesilmesi | H19: m³ | I19: =+'[11]Metraj Özeti'!AI19 -> 0 | J19: =+'Yeşil Defter'!AC19 -> 0 | K19: =+J19+I19 -> 0
A20: 1.A | C20: 5 | D20: 003 | E20: Her tip zeminde ve kayada, her derinlikte kazı yapılması (nakliye, döküm ve kazı sırasındaki drenaj dahil) (Açık Alanda) | H20: m³ | I20: =+'[11]Metraj Özeti'!AI20 -> 0 | J20: =+'Yeşil Defter'!AC20 -> 0 | K20: =+J20+I20 -> 0
A21: 1.A | C21: 6 | D21: 004.A | E21: Kazıdan Çıkan veya Ariyetten Alınan Malzeme ile Dolgu Yapılması | H21: m³ | I21: =+'[11]Metraj Özeti'!AI21 -> 0 | J21: =+'Yeşil Defter'!AC21 -> 0 | K21: =+J21+I21 -> 0
A22: 1.A | C22: 7 | D22: 004.B | E22: Kum, Çakıl, Kırma Tas ve Benzeri Malzeme ile Dolgu Yapılması | H22: m³ | I22: =+'[11]Metraj Özeti'!AI22 -> 0 | J22: =+'Yeşil Defter'!AC22 -> 0 | K22: =+J22+I22 -> 0
A23: 1.A | C23: 8 | D23: 005 | E23: Püskürtme Beton (Açık alanda) | H23: m³ | I23: =+'[11]Metraj Özeti'!AI23 -> 0 | J23: =+'Yeşil Defter'!AC23 -> 0 | K23: =+J23+I23 -> 0
A24: 1.A | C24: 9 | D24: 006.A | E24: 125 mm Delik İçine 14 mm Kalınlığında S420a ile Zemin Çivisi Teşkili | H24: m | I24: =+'[11]Metraj Özeti'!AI24 -> 0 | J24: =+'Yeşil Defter'!AC24 -> 0 | K24: =+J24+I24 -> 0
A25: 1.A | C25: 10 | D25: 006.B | E25: 125 mm Delik İçine 26 mm Kalınlığında S420a ile Zemin Çivisi Teşkili | H25: m | I25: =+'[11]Metraj Özeti'!AI25 -> 0 | J25: =+'Yeşil Defter'!AC25 -> 0 | K25: =+J25+I25 -> 0
A26: 1.A | C26: 11 | D26: 007.A | E26: L=3 m Kaya Bulonu | H26: adet | I26: =+'[11]Metraj Özeti'!AI26 -> 0 | J26: =+'Yeşil Defter'!AC26 -> 0 | K26: =+J26+I26 -> 0
A27: 1.A | C27: 12 | D27: 007.B | E27: L=4 m Kaya Bulonu | H27: adet | I27: =+'[11]Metraj Özeti'!AI27 -> 0 | J27: =+'Yeşil Defter'!AC27 -> 0 | K27: =+J27+I27 -> 0
... A32: 1.A | C32: 17 | D32: 009.B | E32: Demirli C30/37 Beton İmali ve Dökülmesi | H32: m³ | I32: =+'[11]Metraj Özeti'!AI32 -> 0 | J32: =+'Yeşil Defter'!AC32 -> 0 | K32: =+J32+I32 -> 0
A33: 1.A | C33: 18 | D33: 010.A | E33: Çelik Donatı (S420a) | H33: ton | I33: =+'[11]Metraj Özeti'!AI33 -> 0 | J33: =+'[2]Yeşil Defter'!AJ33 -> 0 | K33: =+J33+I33 -> 0
A34: 1.A | C34: 18 | D34: 010.A | E34: Çelik Donatı (S420a) | H34: ton | I34: =+'[11]Metraj Özeti'!AI34 -> 0 | J34: =+'Yeşil Defter'!AC34 -> 0 | K34: =+J34+I34 -> 0
A35: 1.A | C35: 19 | D35: 010.B | E35: Çelik hasır (S500) | H35: ton | I35: =+'[11]Metraj Özeti'!AI35 -> 0 | J35: =+'Yeşil Defter'!AC35 -> 0 | K35: =+J35+I35 -> 0
A36: 1.A | C36: 20 | D36: 011.A | E36: Dikey yüzeylerde su yalıtımı uygulaması (dış yüzeye geotekstil keçe, 2 mm kalınlıklı PVC membran, uygulama yüzeyinin İdarenin uygun gördüğü malzeme ile düzeltilmesi dahil) | H36: m² | I36: =+'[11]Metraj Özeti'!AI36 -> 0 | J36: =+'Yeşil Defter'!AC36 -> 0 | K36: =+J36+I36 -> 0
A37: 1.A | C37: 21 | D37: 011.B | E37: Temel döşemesinde su yalıtımı uygulaması (iç ve dış yüzeye geotekstil keçe, 2 mm kalınlıklı PVC membran ve hasır çelik donatılı koruma betonu dahil) | H37: m² | I37: =+'[11]Metraj Özeti'!AI37 -> 0 | J37: =+'Yeşil Defter'!AC37 -> 0 | K37: =+J37+I37 -> 0
A38: 1.A | C38: 22 | D38: 011.C | E38: Üst döşemede su yalıtımı uygulaması (iç ve dış yüzeye geotekstil keçe, 2 mm kalınlıklı PVC membran ve hasır çelik donatılı koruma betonu dahil) | H38: m² | I38: =+'[11]Metraj Özeti'!AI38 -> 0 | J38: =+'Yeşil Defter'!AC38 -> 0 | K38: =+J38+I38 -> 0
A39: 1.A | C39: 23 | D39: 012 | E39: Su Tutucular (Açık Alanda) | H39: m | I39: =+'[11]Metraj Özeti'!AI39 -> 0 | J39: =+'Yeşil Defter'!AC39 -> 0 | K39: =+J39+I39 -> 0
A40: 1.A | C40: 24 | D40: 013.A | E40: Barbaros İst. İksa Yapılması | H40: m² | I40: =+'[11]Metraj Özeti'!AI40 -> 0 | J40: =+'Yeşil Defter'!AC40 -> 0 | K40: =+J40+I40 -> 0
A41: 1.A | C41: 25 | D41: 013.B | E41: Malazgirt İst. İksa Yapılması | H41: m² | I41: =+'[11]Metraj Özeti'!AI41 -> 0 | J41: =+'Yeşil Defter'!AC41 -> 0 | K41: =+J41+I41 -> 0
A42: 1.A | C42: 26 | D42: 013.C | E42: Fatih İst. İksa Yapılması | H42: m² | I42: =+'[11]Metraj Özeti'!AI42 -> 0 | J42: =+'Yeşil Defter'!AC42 -> 0 | K42: =+J42+I42 -> 0
A43: 1.A | C43: 27 | D43: 013.D | E43: Halkalı Üniversite İst. İksa Yapılması | H43: m² | I43: =+'[11]Metraj Özeti'!AI43 -> 0 | J43: =+'Yeşil Defter'!AC43 -> 0 | K43: =+J43+I43 -> 0
A44: 1.A | C44: 28 | D44: 013.E | E44: Şaftlarda İksa Yapılması | H44: m² | I44: =+'[11]Metraj Özeti'!AI44 -> 0 | J44: =+'Yeşil Defter'!AC44 -> 0 | K44: =+J44+I44 -> 0
A45: 1.A | C45: 29 | D45: 013.F | E45: Aç-Kapa Yapılarında İksa Yapılması | H45: m² | I45: =+'[11]Metraj Özeti'!AI45 -> 0 | J45: =+'Yeşil Defter'!AC63 -> 0 | K45: =+J45+I45 -> 0
A46: 1.A | C46: 30 | D46: 014.A | E46: Barbaros İstasyonunun Topraklama Tesisinin Temin ve Yerleştirilmesi | H46: set | I46: =+'[11]Metraj Özeti'!AI46 -> 0 | J46: =+'Yeşil Defter'!AC64 -> 0 | K46: =+J46+I46 -> 0
A47: 1.A | C47: 31 | D47: 014.B | E47: Malazgirt İstasyonunun Topraklama Tesisinin Temin ve Yerleştirilmesi | H47: set | I47: =+'[11]Metraj Özeti'!AI47 -> 0 | J47: =+'Yeşil Defter'!AC65 -> 0 | K47: =+J47+I47 -> 0
A48: 1.A | C48: 32 | D48: 014.C | E48: Fatih İstasyonunun Topraklama Tesisinin Temin ve Yerleştirilmesi | H48: set | I48: =+'[11]Metraj Özeti'!AI48 -> 0 | J48: =+'Yeşil Defter'!AC66 -> 0 | K48: =+J48+I48 -> 0
A49: 1.A | C49: 33 | D49: 014.D | E49: Halkalı Üniversite İstasyonunun Topraklama Tesisinin Temin ve Yerleştirilmesi | H49: set | I49: =+'[11]Metraj Özeti'!AI49 -> 0 | J49: =+'Yeşil Defter'!AC67 -> 0 | K49: =+J49+I49 -> 0
A50: 1.A | C50: 34 | D50: 015.A | E50: Barbaros İstasyonu İnşaat Alanının Eski Haline Getirilmesi veya Yeniden Düzenlenmesi İşleri (IS-01) | H50: m² | I50: =+'[11]Metraj Özeti'!AI50 -> 0 | J50: =+'Yeşil Defter'!AC68 -> 0 | K50: =+J50+I50 -> 0
A51: 1.A | C51: 35 | D51: 015.B | E51: Malazgirt İstasyonunun İnşaat Alanının Eski Haline Getirilmesi veya Yeniden Düzenlenmesi İşleri (IS-02) | H51: m² | I51: =+'[11]Metraj Özeti'!AI51 -> 0 | J51: =+'Yeşil Defter'!AC69 -> 0 | K51: =+J51+I51 -> 0
A52: 1.A | C52: 36 | D52: 015.C | E52: Fatih İstasyonunun İnşaat Alanının Eski Haline Getirilmesi veya Yeniden Düzenlenmesi İşleri (IS-04) | H52: m² | I52: =+'[11]Metraj Özeti'!AI52 -> 0 | J52: =+'Yeşil Defter'!AC70 -> 0 | K52: =+J52+I52 -> 0
A53: 1.A | C53: 37 | D53: 015.D | E53: Halkalı Üniversite İstasyonunun İnşaat Alanının Eski Haline Getirilmesi veya Yeniden Düzenlenmesi İşleri (IS-05) | H53: m² | I53: =+'[11]Metraj Özeti'!AI53 -> 0 | J53: =+'Yeşil Defter'!AC71 -> 0 | K53: =+J53+I53 -> 0
A54: 1.A | C54: 38 | D54: 016.A | E54: Barbaros İstasyonu İnşaat İşleri Tasarım Hizmetleri | H54: set | I54: =+'[11]Metraj Özeti'!AI54 -> 0.2455 | J54: =+'Yeşil Defter'!AC72 -> 0 | K54: =+J54+I54 -> 0.2455
A55: 1.A | C55: 39 | D55: 016.B | E55: Malazgirt İstasyonu İnşaat İşleri Tasarım Hizmetleri | H55: set | I55: =+'[11]Metraj Özeti'!AI55 -> 0.1195 | J55: =+'Yeşil Defter'!AC73 -> 0 | K55: =+J55+I55 -> 0.1195
A56: 1.A | C56: 40 | D56: 016.C | E56: Mimar Sinan İstasyonu İnşaat İşleri Tasarım Hizmetleri | H56: set | I56: =+'[11]Metraj Özeti'!AI56 -> 0.2 | J56: =+'Yeşil Defter'!AC74 -> 0 | K56: =+J56+I56 -> 0.2
... A64: 1.A | C64: 48 | D64: 017.E | E64: Halkalı Üniversite İstasyonu Mimari ve İnce İşleri Tasarım Hizmetleri | H64: set | I64: =+'[11]Metraj Özeti'!AI64 -> 0 | J64: =+'Yeşil Defter'!AC82 -> 0 | K64: =+J64+I64 -> 0
A65: 1 | D65: 1.B-TÜNEL İNŞAAT İŞLERİ | I65: =+'[11]Metraj Özeti'!AI65 -> 0
A66: 1.B | C66: 49 | D66: 018 | E66: Geleneksel (NATM) Tünel Kazısı | H66: m³ | I66: =+'[11]Metraj Özeti'!AI66 -> 53746.188 | J66: =+#REF!+#REF! -> #REF! | K66: =+J66+I66 -> #REF!
A67: 1.B | C67: 50 | D67: 019.A | E67: Kazıdan çıkan veya Ariyetten alınan malzeme ile geri dolgu yapılması | H67: m³ | I67: =+'[11]Metraj Özeti'!AI67 -> 0 | J67: =+#REF!+#REF! -> #REF! | K67: =+J67+I67 -> #REF!
A68: 1.B | C68: 51 | D68: 019.B | E68: Kum, Çakıl, Kırma Tas ve Benzeri Malzeme ile Dolgu Yapılması | H68: m³ | I68: =+'[11]Metraj Özeti'!AI68 -> 0 | J68: =+#REF!+#REF! -> #REF! | K68: =+J68+I68 -> #REF!
A69: 1.B | C69: 52 | D69: 020 | E69: Püskürtme Beton (Tünel ve Şaftlarda) | H69: m³ | I69: =+'[11]Metraj Özeti'!AI69 -> 11287.99 | J69: =+#REF!+#REF! -> #REF! | K69: =+J69+I69 -> #REF!
A70: 1.B | C70: 53 | D70: 021.A | E70: Delgi boyu =< 30m | H70: m | I70: =+'[11]Metraj Özeti'!AI70 -> 0 | J70: =+#REF!+#REF! -> #REF! | K70: =+J70+I70 -> #REF!
A71: 1.B | C71: 54 | D71: 021.B | E71: Delgi boyu > 30m | H71: m | I71: =+'[11]Metraj Özeti'!AI71 -> 0 | J71: =+#REF!+#REF! -> #REF! | K71: =+J71+I71 -> #REF!
A72: 1.B | C72: 55 | D72: 022.A | E72: L=3 m Kaya Bulonu | H72: adet | I72: =+'[11]Metraj Özeti'!AI72 -> 0 | J72: =+#REF!+#REF! -> #REF! | K72: =+J72+I72 -> #REF!
A73: 1.B | C73: 56 | D73: 022.B | E73: L=4 m Kaya Bulonu | H73: adet | I73: =+'[11]Metraj Özeti'!AI73 -> 2492 | J73: =+#REF!+#REF! -> #REF! | K73: =+J73+I73 -> #REF!
A74: 1.B | C74: 57 | D74: 022.C | E74: L=5 m Kaya Bulonu | H74: adet | I74: =+'[11]Metraj Özeti'!AI74 -> 0 | J74: =+#REF!+#REF! -> #REF! | K74: =+J74+I74 -> #REF!
A75: 1.B | C75: 58 | D75: 022.D | E75: L=6 m Kaya Bulonu | H75: adet | I75: =+'[11]Metraj Özeti'!AI75 -> 2074 | J75: =+#REF!+#REF! -> #REF! | K75: =+J75+I75 -> #REF!
A76: 1.B | C76: 59 | D76: 022.E | E76: L=8 m Kaya Bulonu | H76: adet | I76: =+'[11]Metraj Özeti'!AI76 -> 9774 | J76: =+#REF!+#REF! -> #REF! | K76: =+J76+I76 -> #REF!
A77: 1.B | C77: 60 | D77: 023.A | E77: 125 mm Delik İçine 14 mm Kalınlığında S420a ile Zemin Çivisi Teşkili | H77: m | I77: =+'[11]Metraj Özeti'!AI77 -> 37566 | J77: =+#REF!+#REF! -> #REF! | K77: =+J77+I77 -> #REF!
... A96: 1.B | C96: 79 | D96: 031 | E96: TBM/EPB Tünel İnşaatı | H96: m | I96: =+'[11]Metraj Özeti'!AI96 -> 0 | J96: =+#REF!+#REF! -> #REF! | K96: =+J96+I96 -> #REF!
A97: 1 | D97: 1.C-JEOTEKNİK ÖLÇÜMLER | I97: =+'[11]Metraj Özeti'!AI97 -> 0
A98: 1.C | C98: 80 | D98: 032 | E98: Araştırma Sondajı Yapılması ve Raporları | H98: m | I98: =+'[11]Metraj Özeti'!AI98 -> 0 | J98: =+'Yeşil Defter'!AC158 -> 0 | K98: =+J98+I98 -> 0
A99: 1.C | C99: 81 | D99: 033 | E99: Geomekanik İzleme Aletleri temini ve montajı | H99: set | I99: =+'[11]Metraj Özeti'!AI99 -> 0 | J99: =+[13]İcmal!$M$20 -> 0.065803125 | K99: =+J99+I99 -> 0.065803125
A100: 1.C | C100: 82 | D100: 034 | E100: Geomekanik İzleme için ölçümlerin okunması, işlenmesi, sunumu ve değerlendirilmesi | H100: set | I100: =+'[11]Metraj Özeti'!AI100 -> 0.2535 | J100: =+[14]İcmal!$L$20 -> 0.0169 | K100: =+I100+J100 -> 0.2704
A101: 1 | D101: 1.D-İNCE İNŞAAT İŞLERİ | I101: =+'[11]Metraj Özeti'!AI101 -> 0 | K101: =+J101+I101 -> 0
A102: 1.D | C102: 83 | D102: 101 | E102: Çimento Esaslı Sürme Su Yalıtımı Yapılması | H102: m² | I102: =+'[11]Metraj Özeti'!AI102 -> 0 | J102: =+'Yeşil Defter'!AC205 -> 0 | K102: =+J102+I102 -> 0
A103: 1.D | C103: 84 | D103: 102 | E103: SCR.01 - Şap | H103: m² | I103: =+'[11]Metraj Özeti'!AI103 -> 0 | J103: =+'Yeşil Defter'!AC206 -> 0 | K103: =+J103+I103 -> 0
A104: 1.D | C104: 85 | D104: 103 | E104: Tesviye Tabakası Yapılması | H104: m³ | I104: =+'[11]Metraj Özeti'!AI104 -> 0 | J104: =+'Yeşil Defter'!AC207 -> 0 | K104: =+J104+I104 -> 0
A105: 1.D | C105: 86 | D105: 104.A | E105: PA.01 - 60x60 granit seramik zemin kaplama- Gri (RAL 7026) | H105: m² | I105: =+'[11]Metraj Özeti'!AI105 -> 0 | J105: =+'Yeşil Defter'!AC208 -> 0 | K105: =+J105+I105 -> 0
A106: 1.D | C106: 87 | D106: 104.B | E106: PA.02 - 30x30 granit seramik zemin kaplama- Gri (RAL 7026) | H106: m² | I106: =+'[11]Metraj Özeti'!AI106 -> 0 | J106: =+'Yeşil Defter'!AC209 -> 0 | K106: =+J106+I106 -> 0
A107: 1.D | C107: 88 | D107: 104.C | E107: PA.02B - 30x30 granit seramik duvar kaplama- Gri (RAL 7026) | H107: m² | I107: =+'[11]Metraj Özeti'!AI107 -> 0 | J107: =+'Yeşil Defter'!AC210 -> 0 | K107: =+J107+I107 -> 0
A108: 1.D | C108: 89 | D108: 105.A | E108: PA.03 - 40x40cm Açık Gri Porselen Karo (Granit seramik)- Dur İkaz/uyarı karosu , Seramik Yapıştırma Harcı dahil | H108: m² | I108: =+'[11]Metraj Özeti'!AI108 -> 0 | J108: =+'Yeşil Defter'!AC211 -> 0 | K108: =+J108+I108 -> 0
A109: 1.D | C109: 90 | D109: 105.B | E109: PA.04 - 40x40cm Açık Gri Porselen Karo (Granit seramik)- Klavuz/yönlendirme Seramik Yapıştırma Harcı | H109: m² | I109: =+'[11]Metraj Özeti'!AI109 -> 0 | J109: =+'Yeşil Defter'!AC212 -> 0 | K109: =+J109+I109 -> 0
A110: 1.D | C110: 91 | D110: 106.A | E110: PA.03A - 40x40cm Açık çimento Porselen Karo (Granit seramik)- İkaz/uyarı - Seramik Yapıştırma Harcı | H110: m² | I110: =+'[11]Metraj Özeti'!AI110 -> 0 | J110: =+'Yeşil Defter'!AC213 -> 0 | K110: =+J110+I110 -> 0
A111: 1.D | C111: 92 | D111: 106.B | E111: PA.04A - 40x40cm Açık çimento Porselen Karo (Granit seramik)- Klavuz/yönlendirme- Seramik Yapıştırma Harcı | H111: m² | I111: =+'[11]Metraj Özeti'!AI111 -> 0 | J111: =+'Yeşil Defter'!AC214 -> 0 | K111: =+J111+I111 -> 0
A112: 1.D | C112: 93 | D112: 107.A | E112: PA.07 - "Aksaray Yaylak" granit zemin kaplama-mucertalı, 30cm*serbest boy (en az 60cm) *min3cm | H112: m² | I112: =+'[11]Metraj Özeti'!AI112 -> 0 | J112: =+'Yeşil Defter'!AC215 -> 0 | K112: =+J112+I112 -> 0
A113: 1.D | C113: 94 | D113: 107.B | E113: PA.07 - Ankara Füme granit zemin kaplama-mucertalı, 30cm*serbest boy (en az 60cm) *min3cm | H113: m² | I113: =+'[11]Metraj Özeti'!AI113 -> 0 | J113: =+'Yeşil Defter'!AC216 -> 0 | K113: =+J113+I113 -> 0
... A133: 1.D | C133: 114 | D133: 119.A | E133: ALM.01 - Gaz beton veya beton duvarlara monte edilecek konstrüksiyonlu Mat Aluminyum Paneller RAL 3002 | H133: m² | I133: =+'[11]Metraj Özeti'!AI133 -> 0 | J133: =+'Yeşil Defter'!AC236 -> 0 | K133: =+J133+I133 -> 0
A134: 1.D | C134: 115 | D134: 119.B | E134: ALM.01A - Döşemeye Asılan Konstrüksiyonlu Mat Aluminyum Paneller RAL 3002 | H134: m² | I134: =+'[11]Metraj Özeti'!AI134 -> 0 | J134: =+'Yeşil Defter'!AC249 -> 0 | K134: =+J134+I134 -> 0
A135: 1.D | C135: 116 | D135: 119.C | E135: ALM.01B - Döşeme Üzerine Monte Edilen Konstrüksiyonlu Mat Aluminyum Paneller RAL 3002 | H135: m² | I135: =+'[11]Metraj Özeti'!AI135 -> 0 | J135: =+'Yeşil Defter'!AC250 -> 0 | K135: =+J135+I135 -> 0
A136: 1.D | C136: 117 | D136: 119.D | E136: ALM.04 - Aluminyum bitiş aksesuarı | H136: m² | I136: =+'[11]Metraj Özeti'!AI136 -> 0 | J136: =+'Yeşil Defter'!AC251 -> 0 | K136: =+J136+I136 -> 0
A137: 1.D | C137: 118 | D137: 120.A | E137: CL.01 - Çimento Esaslı Ahşap Lifli Paneller ile güçlendirilmiş Bükülebilir Düz Seramik Panel RAL7035 Kalınlık=5mm | H137: m² | I137: =+'[11]Metraj Özeti'!AI137 -> 0 | J137: =+'Yeşil Defter'!AC252 -> 0 | K137: =+J137+I137 -> 0
A138: 1.D | C138: 119 | D138: 120.B | E138: CL.02 - Konstrüksiyonlu Bükülebilir Düz Seramik Panel RAL7035 Kalınlık=5mm | H138: m² | I138: =+'[11]Metraj Özeti'!AI138 -> 0 | J138: =+'Yeşil Defter'!AC253 -> 0 | K138: =+J138+I138 -> 0
A139: 1.D | C139: 120 | D139: 120.C | E139: CL.03 - Tünel Tip İstasyonlarda Çimento Esaslı Ahşap Lifli Paneller ile güçlendirilmiş Bükülebilir Seramik Panel, RAL7035 Kalınlık=5mm Yarıçap=5m | H139: m² | I139: =+'[11]Metraj Özeti'!AI139 -> 0 | J139: =+'Yeşil Defter'!AC254 -> 0 | K139: =+J139+I139 -> 0
A140: 1.D | C140: 121 | D140: 121.A | E140: PA.08 - "Aksaray Yaylak" granit duvar kaplama (yapıştırma)-mucertalı, 30cm*serbest boy (en az 60cm) *2cm | H140: m² | I140: =+'[11]Metraj Özeti'!AI140 -> 0 | J140: =+'Yeşil Defter'!AC255 -> 0 | K140: =+J140+I140 -> 0
A141: 1.D | C141: 122 | D141: 121.B | E141: PA.08 - Ankara Füme granit duvar kaplama (yapıştırma)-mucertalı, 30cm*serbest boy (en az 60cm) *2cm | H141: m² | I141: =+'[11]Metraj Özeti'!AI141 -> 0 | J141: =+'Yeşil Defter'!AC256 -> 0 | K141: =+J141+I141 -> 0
A142: 1.D | C142: 123 | D142: 121.C | E142: PA.08 - Hisar Gri granit duvar kaplama (yapıştırma)-mucertalı, 30cm*serbest boy (en az 60cm) *2cm | H142: m² | I142: =+'[11]Metraj Özeti'!AI142 -> 0 | J142: =+'Yeşil Defter'!AC257 -> 0 | K142: =+J142+I142 -> 0
A143: 1.D | C143: 124 | D143: 122.A | E143: PA.08A - "Aksaray Yaylak" granit duvar kaplama (galvaniz çelik konstüksiyonlu)-mucertalı, 30cm*serbest boy (en az 60cm) *2cm | H143: m² | I143: =+'[11]Metraj Özeti'!AI143 -> 0 | J143: =+'Yeşil Defter'!AC258 -> 0 | K143: =+J143+I143 -> 0
A144: 1.D | C144: 125 | D144: 122.B | E144: PA.08A - Ankara Füme granit duvar kaplama (galvaniz çelik konstüksiyonlu)-mucertalı, 30cm*serbest boy (en az 60cm) *2cm | H144: m² | I144: =+'[11]Metraj Özeti'!AI144 -> 0 | J144: =+'Yeşil Defter'!AC259 -> 0 | K144: =+J144+I144 -> 0
A145: 1.D | C145: 126 | D145: 122.C | E145: PA.08A - Hisar Gri granit duvar kaplama (galvaniz çelik konstüksiyonlu)-mucertalı, 30cm*serbest boy (en az 60cm) *2cm | H145: m² | I145: =+'[11]Metraj Özeti'!AI145 -> 0 | J145: =+'Yeşil Defter'!AC260 -> 0 | K145: =+J145+I145 -> 0
... A166: 1.D | C166: 147 | D166: 137.E | E166: Acil durum(40-41-42-43) | H166: adet | I166: =+'[11]Metraj Özeti'!AI166 -> 0 | J166: =+'Yeşil Defter'!AC281 -> 0 | K166: =+J166+I166 -> 0
A167: 1.D | C167: 148 | D167: 137.F | E167: Braille merdiven bilgisi(51) | H167: adet | I167: =+'[11]Metraj Özeti'!AI167 -> 0 | J167: =+'Yeşil Defter'!AC295 -> 0 | K167: =+J167+I167 -> 0
A168: 1.D | C168: 149 | D168: 137.G | E168: Konum bilgisi(60-70) | H168: adet | I168: =+'[11]Metraj Özeti'!AI168 -> 0 | J168: =+'Yeşil Defter'!AC296 -> 0 | K168: =+J168+I168 -> 0
A169: 1.D | C169: 150 | D169: 137.H | E169: Yön bilgisi(61-62-63-64-71-72-73-74-75-76) | H169: adet | I169: =+'[11]Metraj Özeti'!AI169 -> 0 | J169: =+'Yeşil Defter'!AC297 -> 0 | K169: =+J169+I169 -> 0
A170: 1.D | C170: 151 | D170: 138.A | E170: Çift Kanatlı Yangına Dayanıklı Kapı (240x350cm) | H170: adet | I170: =+'[11]Metraj Özeti'!AI170 -> 0 | J170: =+'Yeşil Defter'!AC298 -> 0 | K170: =+J170+I170 -> 0
A171: 1.D | C171: 152 | D171: 138.B | E171: Çift Kanatlı Yangına Dayanıklı Kapı (180x350cm) | H171: adet | I171: =+'[11]Metraj Özeti'!AI171 -> 0 | J171: =+'Yeşil Defter'!AC299 -> 0 | K171: =+J171+I171 -> 0
A172: 1.D | C172: 153 | D172: 138.C | E172: Çift Kanatlı Yangına Dayanıklı Kapı (180x250cm) | H172: adet | I172: =+'[11]Metraj Özeti'!AI172 -> 0 | J172: =+'Yeşil Defter'!AC300 -> 0 | K172: =+J172+I172 -> 0
A173: 1.D | C173: 154 | D173: 138.D | E173: Çift Kanatlı Yangına Dayanıklı Kapı (120x250cm) | H173: adet | I173: =+'[11]Metraj Özeti'!AI173 -> 0 | J173: =+'Yeşil Defter'!AC301 -> 0 | K173: =+J173+I173 -> 0
...

Sheet İnce Sırtlık
A1: =+Veri!$C$21 -> 6 | B1: =+Veri!$C$20 -> 01.04.2026 | C1: TEKLİF | D1: T.C. İstanbul Büyükşehir Belediyesi Raylı Sistem Daire Başkanlığı Avrupa Yakası Raylı Sistem Müdürlüğü
B2: =+Veri!$C$22 -> 46142 | C2: (1/1) | D2: Kirazlı-Halkalı Üniversite Metro Hattı İnşaat Ve Elektromekanik İşler İle M1 Hattı Elektromekanik Sistemleri Yapım İşi Kalyon-Özgün Metro İnşaatı Adi Ortaklığı Ticari İşletmesi
A3: =+Veri!$C$21 -> 6 | B3: =+Veri!$C$20 -> 01.04.2026 | C3: TEKLİF | D3: T.C. İstanbul Büyükşehir Belediyesi Raylı Sistem Daire Başkanlığı Avrupa Yakası Raylı Sistem Müdürlüğü
B4: =+Veri!$C$22 -> 46142 | C4: (2/2) | D4: Kirazlı-Halkalı Üniversite Metro Hattı İnşaat Ve Elektromekanik İşler İle M1 Hattı Elektromekanik Sistemleri Yapım İşi Kalyon-Özgün Metro İnşaatı Adi Ortaklığı Ticari İşletmesi
A5: =+Veri!$C$21 -> 6 | B5: =+Veri!$C$20 -> 01.04.2026 | C5: TEKLİF | D5: T.C. İstanbul Büyükşehir Belediyesi Raylı Sistem Daire Başkanlığı Avrupa Yakası Raylı Sistem Müdürlüğü
B6: =+Veri!$C$22 -> 46142 | C6: (1/1) | D6: Kirazlı-Halkalı Üniversite Metro Hattı İnşaat Ve Elektromekanik İşler İle M1 Hattı Elektromekanik Sistemleri Yapım İşi Kalyon-Özgün Metro İnşaatı Adi Ortaklığı Ticari İşletmesi
A7: =+Veri!$C$21 -> 6 | B7: =+Veri!$C$20 -> 01.04.2026 | C7: TEKLİF | D7: T.C. İstanbul Büyükşehir Belediyesi Raylı Sistem Daire Başkanlığı Avrupa Yakası Raylı Sistem Müdürlüğü
B8: =+Veri!$C$22 -> 46142 | C8: (1/1) | D8: Kirazlı-Halkalı Üniversite Metro Hattı İnşaat Ve Elektromekanik İşler İle M1 Hattı Elektromekanik Sistemleri Yapım İşi Kalyon-Özgün Metro İnşaatı Adi Ortaklığı Ticari İşletmesi
A9: =+Veri!$C$21 -> 6 | B9: =+Veri!$C$20 -> 01.04.2026 | C9: TEKLİF | D9: T.C. İstanbul Büyükşehir Belediyesi Raylı Sistem Daire Başkanlığı Avrupa Yakası Raylı Sistem Müdürlüğü
B10: =+Veri!$C$22 -> 46142 | C10: (1/1) | D10: Kirazlı-Halkalı Üniversite Metro Hattı İnşaat Ve Elektromekanik İşler İle M1 Hattı Elektromekanik Sistemleri Yapım İşi Kalyon-Özgün Metro İnşaatı Adi Ortaklığı Ticari İşletmesi
A11: =+Veri!$C$21 -> 6 | B11: =+Veri!$C$20 -> 01.04.2026 | C11: TEKLİF | D11: T.C. İstanbul Büyükşehir Belediyesi Raylı Sistem Daire Başkanlığı Avrupa Yakası Raylı Sistem Müdürlüğü
B12: =+Veri!$C$22 -> 46142 | C12: (1/1) | D12: Kirazlı-Halkalı Üniversite Metro Hattı İnşaat Ve Elektromekanik İşler İle M1 Hattı Elektromekanik Sistemleri Yapım İşi Kalyon-Özgün Metro İnşaatı Adi Ortaklığı Ticari İşletmesi

Sheet İnce Sırtlık (2)
A1: =+Veri!$C$21 -> 6 | B1: =+Veri!$C$20 -> 01.04.2026 | C1: ONAY | D1: T.C. İstanbul Büyükşehir Belediyesi Raylı Sistem Daire Başkanlığı Avrupa Yakası Raylı Sistem Müdürlüğü
B2: =+Veri!$C$22 -> 46142 | C2: (1/1) | D2: Kirazlı-Halkalı Üniversite Metro Hattı İnşaat Ve Elektromekanik İşler İle M1 Hattı Elektromekanik Sistemleri Yapım İşi Kalyon-Özgün Metro İnşaatı Adi Ortaklığı Ticari İşletmesi
A3: =+Veri!$C$21 -> 6 | B3: =+Veri!$C$20 -> 01.04.2026 | C3: ONAY | D3: T.C. İstanbul Büyükşehir Belediyesi Raylı Sistem Daire Başkanlığı Avrupa Yakası Raylı Sistem Müdürlüğü
B4: =+Veri!$C$22 -> 46142 | C4: (1/1) | D4: Kirazlı-Halkalı Üniversite Metro Hattı İnşaat Ve Elektromekanik İşler İle M1 Hattı Elektromekanik Sistemleri Yapım İşi Kalyon-Özgün Metro İnşaatı Adi Ortaklığı Ticari İşletmesi
A5: =+Veri!$C$21 -> 6 | B5: =+Veri!$C$20 -> 01.04.2026 | C5: ONAY | D5: T.C. İstanbul Büyükşehir Belediyesi Raylı Sistem Daire Başkanlığı Avrupa Yakası Raylı Sistem Müdürlüğü
B6: =+Veri!$C$22 -> 46142 | C6: (1/1) | D6: Kirazlı-Halkalı Üniversite Metro Hattı İnşaat Ve Elektromekanik İşler İle M1 Hattı Elektromekanik Sistemleri Yapım İşi Kalyon-Özgün Metro İnşaatı Adi Ortaklığı Ticari İşletmesi
A7: =+Veri!$C$21 -> 6 | B7: =+Veri!$C$20 -> 01.04.2026 | C7: ONAY | D7: T.C. İstanbul Büyükşehir Belediyesi Raylı Sistem Daire Başkanlığı Avrupa Yakası Raylı Sistem Müdürlüğü
B8: =+Veri!$C$22 -> 46142 | C8: (1/1) | D8: Kirazlı-Halkalı Üniversite Metro Hattı İnşaat Ve Elektromekanik İşler İle M1 Hattı Elektromekanik Sistemleri Yapım İşi Kalyon-Özgün Metro İnşaatı Adi Ortaklığı Ticari İşletmesi
A9: =+Veri!$C$21 -> 6 | B9: =+Veri!$C$20 -> 01.04.2026 | C9: ONAY | D9: T.C. İstanbul Büyükşehir Belediyesi Raylı Sistem Daire Başkanlığı Avrupa Yakası Raylı Sistem Müdürlüğü
B10: =+Veri!$C$22 -> 46142 | C10: (1/1) | D10: Kirazlı-Halkalı Üniversite Metro Hattı İnşaat Ve Elektromekanik İşler İle M1 Hattı Elektromekanik Sistemleri Yapım İşi Kalyon-Özgün Metro İnşaatı Adi Ortaklığı Ticari İşletmesi
A11: =+Veri!$C$21 -> 6 | B11: =+Veri!$C$20 -> 01.04.2026 | C11: ONAY | D11: T.C. İstanbul Büyükşehir Belediyesi Raylı Sistem Daire Başkanlığı Avrupa Yakası Raylı Sistem Müdürlüğü
B12: =+Veri!$C$22 -> 46142 | C12: (1/1) | D12: Kirazlı-Halkalı Üniversite Metro Hattı İnşaat Ve Elektromekanik İşler İle M1 Hattı Elektromekanik Sistemleri Yapım İşi Kalyon-Özgün Metro İnşaatı Adi Ortaklığı Ticari İşletmesi

Sheet Yapılan İşler İcmali Malazgirt
C2: T.C.
C3: İSTANBUL BÜYÜKŞEHİR BELEDİYESİ
C4: Raylı Sistem Dairesi Başkanlığı
C5: Avrupa Yakası Raylı Sistem Şube Müdürlüğü
C6: Kirazlı-Halkalı Üniversite Metro Hattı İnşaat Ve Elektromekanik İşler İle M1 Hattı Elektromekanik Sistemleri Yapım İşi
C7: MALAZGİRT İSTASYONU YAPILAN İŞLER İCMALİ
C9: ="Hakediş No: "&Veri!C21&" Hakediş Tarihi: "&TEXT(Veri!C22,"gg.aa.yyyy") -> Hakediş No: 6 Hakediş Tarihi: 30.04.2026 | K9: TEKLİFE GÖRE | N9: YAPILAN İMALAT MİKTARI | R9: İŞİN TUTARLARI (₺)
C11: SIRA NO | D11: POZ NO | E11: BİRİM FİYAT ADI | H11: BİRİM | I11: BİRİM FİYAT (₺) | K11: MİKTAR | L11: TUTAR (₺) | N11: ÖNCEKİ HAKEDİŞ MİKTARI | O11: BU HAKEDİŞ MİKTARI | P11: TOPLAM MİKTAR | R11: ÖNCEKİ HAKEDİŞ MİKTARI | S11: BU HAKEDİŞ MİKTARI | T11: TOPLAM MİKTAR
A13: Filtre | C13: KİRAZLI-HALKALI ÜNİVERSİTE METRO HATTI İNŞAAT VE ELEKTROMEKANİK İŞLER İLE M1 HATTI ELEKTROMEKANİK SİSTEMLERİ YAPIM İŞİ | L13: =+SUMIFS(L:L,A:A,"B") -> 2.1982861e+10 | R13: =+SUMIFS(R:R,A:A,"B") -> #REF! | S13: =+SUMIFS(S:S,A:A,"B") -> 37210860 | T13: =+SUMIFS(T:T,A:A,"B") -> #REF!
A14: B | D14: 1- KABA ve İNCE İNŞAAT İŞLERİ | L14: =+SUMIFS(L:L,A:A,"1") -> 1.4142506e+10 | R14: =+SUMIFS(R:R,A:A,"1") -> #REF! | S14: =+SUMIFS(S:S,A:A,"1") -> 37210860 | T14: =+SUMIFS(T:T,A:A,"1") -> #REF!
A15: 1 | D15: 1.A-AÇIKTA İNŞAAT İŞLERİ | L15: =+SUMIFS(L:L,A:A,"1.A") -> 4.4056996e+09 | R15: =+SUMIFS(R:R,A:A,"1.A") -> #REF! | S15: =+SUMIFS(S:S,A:A,"1.A") -> 0 | T15: =+SUMIFS(T:T,A:A,"1.A") -> #REF!
A16: 1.A | C16: 1 | D16: 001 | E16: Binaların Yıkılması | H16: m² | I16: 500 | K16: 4600 | L16: =+ROUND(I16*K16,2) -> 2300000 | N16: =+#REF! -> #REF! | O16: =+'Yeşil Defter'!L16 -> 0 | P16: =+N16+O16 -> #REF! | R16: =+ROUND(I16*N16,2) -> #REF! | S16: =+ROUND(I16*O16,2) -> 0 | T16: =+ROUND(I16*P16,2) -> #REF!
A17: 1.A | C17: 2 | D17: 002.A | E17: Demirli ve Demirsiz Betonun Kompresörle Kırılması | H17: m³ | I17: 4063 | K17: 528.66 | L17: =+ROUND(I17*K17,2) -> 2147945.6 | N17: =+#REF! -> #REF! | O17: =+'Yeşil Defter'!L17 -> 0 | P17: =+N17+O17 -> #REF! | R17: =+ROUND(I17*N17,2) -> #REF! | S17: =+ROUND(I17*O17,2) -> 0 | T17: =+ROUND(I17*P17,2) -> #REF!
A18: 1.A | C18: 3 | D18: 002.B | E18: Demirli ve Demirsiz Betonun Ekskavatör veya Benzeri İş Makinesi ile Kırılması | H18: m³ | I18: 2000 | K18: 550.69 | L18: =+ROUND(I18*K18,2) -> 1101380 | N18: =+#REF! -> #REF! | O18: =+'Yeşil Defter'!L18 -> 0 | P18: =+N18+O18 -> #REF! | R18: =+ROUND(I18*N18,2) -> #REF! | S18: =+ROUND(I18*O18,2) -> 0 | T18: =+ROUND(I18*P18,2) -> #REF!
A19: 1.A | C19: 4 | D19: 002.C | E19: Karot Delme ve Beton Kesme Makineları ile Her Türlü Betonun Kesilmesi | H19: m³ | I19: 10500 | K19: 440.55 | L19: =+ROUND(I19*K19,2) -> 4625775 | N19: =+#REF! -> #REF! | O19: =+'Yeşil Defter'!L19 -> 0 | P19: =+N19+O19 -> #REF! | R19: =+ROUND(I19*N19,2) -> #REF! | S19: =+ROUND(I19*O19,2) -> 0 | T19: =+ROUND(I19*P19,2) -> #REF!
A20: 1.A | C20: 5 | D20: 003 | E20: Her tip zeminde ve kayada, her derinlikte kazı yapılması (nakliye, döküm ve kazı sırasındaki drenaj dahil) (Açık Alanda) | H20: m³ | I20: 1485 | K20: 175497.85 | L20: =+ROUND(I20*K20,2) -> 2.6061431e+08 | N20: =+#REF! -> #REF! | O20: =+'Yeşil Defter'!L20 -> 0 | P20: =+N20+O20 -> #REF! | R20: =+ROUND(I20*N20,2) -> #REF! | S20: =+ROUND(I20*O20,2) -> 0 | T20: =+ROUND(I20*P20,2) -> #REF!
A21: 1.A | C21: 6 | D21: 004.A | E21: Kazıdan Çıkan veya Ariyetten Alınan Malzeme ile Dolgu Yapılması | H21: m³ | I21: 300 | K21: 26184.71 | L21: =+ROUND(I21*K21,2) -> 7855413 | N21: =+#REF! -> #REF! | O21: =+'Yeşil Defter'!L21 -> 0 | P21: =+N21+O21 -> #REF! | R21: =+ROUND(I21*N21,2) -> #REF! | S21: =+ROUND(I21*O21,2) -> 0 | T21: =+ROUND(I21*P21,2) -> #REF!
A22: 1.A | C22: 7 | D22: 004.B | E22: Kum, Çakıl, Kırma Tas ve Benzeri Malzeme ile Dolgu Yapılması | H22: m³ | I22: 1500 | K22: 27657.96 | L22: =+ROUND(I22*K22,2) -> 41486940 | N22: =+#REF! -> #REF! | O22: =+'Yeşil Defter'!L22 -> 0 | P22: =+N22+O22 -> #REF! | R22: =+ROUND(I22*N22,2) -> #REF! | S22: =+ROUND(I22*O22,2) -> 0 | T22: =+ROUND(I22*P22,2) -> #REF!
A23: 1.A | C23: 8 | D23: 005 | E23: Püskürtme Beton (Açık alanda) | H23: m³ | I23: 17500 | K23: 1734 | L23: =+ROUND(I23*K23,2) -> 30345000 | N23: =+#REF! -> #REF! | O23: =+'Yeşil Defter'!L23 -> 0 | P23: =+N23+O23 -> #REF! | R23: =+ROUND(I23*N23,2) -> #REF! | S23: =+ROUND(I23*O23,2) -> 0 | T23: =+ROUND(I23*P23,2) -> #REF!
A24: 1.A | C24: 9 | D24: 006.A | E24: 125 mm Delik İçine 14 mm Kalınlığında S420a ile Zemin Çivisi Teşkili | H24: m | I24: 1050 | K24: 1884 | L24: =+ROUND(I24*K24,2) -> 1978200 | N24: =+#REF! -> #REF! | O24: =+'Yeşil Defter'!L24 -> 0 | P24: =+N24+O24 -> #REF! | R24: =+ROUND(I24*N24,2) -> #REF! | S24: =+ROUND(I24*O24,2) -> 0 | T24: =+ROUND(I24*P24,2) -> #REF!
A25: 1.A | C25: 10 | D25: 006.B | E25: 125 mm Delik İçine 26 mm Kalınlığında S420a ile Zemin Çivisi Teşkili | H25: m | I25: 1200 | K25: 960 | L25: =+ROUND(I25*K25,2) -> 1152000 | N25: =+#REF! -> #REF! | O25: =+'Yeşil Defter'!L25 -> 0 | P25: =+N25+O25 -> #REF! | R25: =+ROUND(I25*N25,2) -> #REF! | S25: =+ROUND(I25*O25,2) -> 0 | T25: =+ROUND(I25*P25,2) -> #REF!
A26: 1.A | C26: 11 | D26: 007.A | E26: L=3 m Kaya Bulonu | H26: adet | I26: 2475 | K26: 530 | L26: =+ROUND(I26*K26,2) -> 1311750 | N26: =+#REF! -> #REF! | O26: =+'Yeşil Defter'!L26 -> 0 | P26: =+N26+O26 -> #REF! | R26: =+ROUND(I26*N26,2) -> #REF! | S26: =+ROUND(I26*O26,2) -> 0 | T26: =+ROUND(I26*P26,2) -> #REF!
A27: 1.A | C27: 12 | D27: 007.B | E27: L=4 m Kaya Bulonu | H27: adet | I27: 3900 | K27: 408 | L27: =+ROUND(I27*K27,2) -> 1591200 | N27: =+#REF! -> #REF! | O27: =+'Yeşil Defter'!L27 -> 0 | P27: =+N27+O27 -> #REF! | R27: =+ROUND(I27*N27,2) -> #REF! | S27: =+ROUND(I27*O27,2) -> 0 | T27: =+ROUND(I27*P27,2) -> #REF!
... A32: 1.A | C32: 17 | D32: 009.B | E32: Demirli C30/37 Beton İmali ve Dökülmesi | H32: m³ | I32: 6114 | K32: 115476.85 | L32: =+ROUND(I32*K32,2) -> 7.0602546e+08 | N32: =+#REF! -> #REF! | O32: =+'Yeşil Defter'!L32 -> 0 | P32: =+N32+O32 -> #REF! | R32: =+ROUND(I32*N32,2) -> #REF! | S32: =+ROUND(I32*O32,2) -> 0 | T32: =+ROUND(I32*P32,2) -> #REF!
A33: 1.A | C33: 18 | D33: 010.A | E33: Çelik Donatı (S420a) | H33: ton | I33: 75316 | K33: 20487.48 | L33: =+ROUND(I33*K33,2) -> 1.543035e+09 | N33: =+#REF! -> #REF! | O33: =+'Yeşil Defter'!L34 -> 0 | P33: =+N33+O33 -> #REF! | R33: =+ROUND(I33*N33,2) -> #REF! | S33: =+ROUND(I33*O33,2) -> 0 | T33: =+ROUND(I33*P33,2) -> #REF!
A34: 1.A | C34: 19 | D34: 010.B | E34: Çelik hasır (S500) | H34: ton | I34: 87125 | K34: 67.77 | L34: =+ROUND(I34*K34,2) -> 5904461.2 | N34: =+#REF! -> #REF! | O34: =+'Yeşil Defter'!L35 -> 0 | P34: =+N34+O34 -> #REF! | R34: =+ROUND(I34*N34,2) -> #REF! | S34: =+ROUND(I34*O34,2) -> 0 | T34: =+ROUND(I34*P34,2) -> #REF!
A35: 1.A | C35: 20 | D35: 011.A | E35: Dikey yüzeylerde su yalıtımı uygulaması (dış yüzeye geotekstil keçe, 2 mm kalınlıklı PVC membran, uygulama yüzeyinin İdarenin uygun gördüğü malzeme ile düzeltilmesi dahil) | H35: m² | I35: 5196 | K35: 42149.53 | L35: =+ROUND(I35*K35,2) -> 2.1900896e+08 | N35: =+#REF! -> #REF! | O35: =+'Yeşil Defter'!L36 -> 0 | P35: =+N35+O35 -> #REF! | R35: =+ROUND(I35*N35,2) -> #REF! | S35: =+ROUND(I35*O35,2) -> 0 | T35: =+ROUND(I35*P35,2) -> #REF!
A36: İ | E36: YÜKLENİCİ | H36: DANIŞMAN | N36: İDARE
A37: İ | E37: Kalyon-Özgün Metro İnşaatı Adi Ortaklığı | H37: Yüksel Proje A.Ş. | N37: T.C. İSTANBUL BÜYÜKŞEHİR BELEDİYESİ Raylı Sistem Dairesi Başkanlığı Avrupa Yakası Raylı Sistem Şube Müdürlüğü
A38: İ
A39: İ
A40: İ
A41: İ | H41: Aybüke YEĞEN | K41: Yılmaz SATI | N41: Özkan SAĞIR | P41: Atilla Alkan | S41: Hasan Tecelli TEMÜZ
A42: İ | H42: Hakediş, Mukavele Takip, Kesin Hesap Kontrol Mühendisi | K42: Hakediş, Mukavele Takip, Kesin Hesap Kontrol Mühendisi | N42: İnşaat Kontrol Mühendisi | P42: İnş. Kontrol Mühendisi | S42: İnşaat Kontrol Mühendisi
A43: İ
A44: İ
A45: İ | E45: Kemal YERLİ Proje Müdürü | H45: Orhan KOCA Proje Müdürü | N45: Osman ŞAHİN İnşaat Müdür Yardımcısı
A46: İS
A47: 1.A | C47: 21 | D47: 011.B | E47: Temel döşemesinde su yalıtımı uygulaması (iç ve dış yüzeye geotekstil keçe, 2 mm kalınlıklı PVC membran ve hasır çelik donatılı koruma betonu dahil) | H47: m² | I47: 1535 | K47: 12946.85 | L47: =+ROUND(I47*K47,2) -> 19873415 | N47: =+#REF! -> #REF! | O47: =+'Yeşil Defter'!L37 -> 0 | P47: =+N47+O47 -> #REF! | R47: =+ROUND(I47*N47,2) -> #REF! | S47: =+ROUND(I47*O47,2) -> 0 | T47: =+ROUND(I47*P47,2) -> #REF!
A48: 1.A | C48: 22 | D48: 011.C | E48: Üst döşemede su yalıtımı uygulaması (iç ve dış yüzeye geotekstil keçe, 2 mm kalınlıklı PVC membran ve hasır çelik donatılı koruma betonu dahil) | H48: m² | I48: 1462 | K48: 12871.85 | L48: =+ROUND(I48*K48,2) -> 18818645 | N48: =+#REF! -> #REF! | O48: =+'Yeşil Defter'!L38 -> 0 | P48: =+N48+O48 -> #REF! | R48: =+ROUND(I48*N48,2) -> #REF! | S48: =+ROUND(I48*O48,2) -> 0 | T48: =+ROUND(I48*P48,2) -> #REF!
A49: 1.A | C49: 23 | D49: 012 | E49: Su Tutucular (Açık Alanda) | H49: m | I49: 2094 | K49: 14706.45 | L49: =+ROUND(I49*K49,2) -> 30795306 | N49: =+#REF! -> #REF! | O49: =+'Yeşil Defter'!L39 -> 0 | P49: =+N49+O49 -> #REF! | R49: =+ROUND(I49*N49,2) -> #REF! | S49: =+ROUND(I49*O49,2) -> 0 | T49: =+ROUND(I49*P49,2) -> #REF!
A50: 1.A | C50: 24 | D50: 013.A | E50: Barbaros İst. İksa Yapılması | H50: m² | I50: 37481 | K50: 3073.23 | L50: =+ROUND(I50*K50,2) -> 1.1518773e+08 | N50: =+#REF! -> #REF! | O50: =+'Yeşil Defter'!L40 -> 0 | P50: =+N50+O50 -> #REF! | R50: =+ROUND(I50*N50,2) -> #REF! | S50: =+ROUND(I50*O50,2) -> 0 | T50: =+ROUND(I50*P50,2) -> #REF!
A51: 1.A | C51: 25 | D51: 013.B | E51: Malazgirt İst. İksa Yapılması | H51: m² | I51: 43633 | K51: 2679.52 | L51: =+ROUND(I51*K51,2) -> 1.169155e+08 | N51: =+#REF! -> #REF! | O51: =+'Yeşil Defter'!L41 -> 0 | P51: =+N51+O51 -> #REF! | R51: =+ROUND(I51*N51,2) -> #REF! | S51: =+ROUND(I51*O51,2) -> 0 | T51: =+ROUND(I51*P51,2) -> #REF!
A52: 1.A | C52: 26 | D52: 013.C | E52: Fatih İst. İksa Yapılması | H52: m² | I52: 23682 | K52: 4321.23 | L52: =+ROUND(I52*K52,2) -> 1.0233537e+08 | N52: =+#REF! -> #REF! | O52: =+'Yeşil Defter'!L42 -> 0 | P52: =+N52+O52 -> #REF! | R52: =+ROUND(I52*N52,2) -> #REF! | S52: =+ROUND(I52*O52,2) -> 0 | T52: =+ROUND(I52*P52,2) -> #REF!
A53: 1.A | C53: 27 | D53: 013.D | E53: Halkalı Üniversite İst. İksa Yapılması | H53: m² | I53: 26351 | K53: 8103.7 | L53: =+ROUND(I53*K53,2) -> 2.135406e+08 | N53: =+#REF! -> #REF! | O53: =+'Yeşil Defter'!L43 -> 0 | P53: =+N53+O53 -> #REF! | R53: =+ROUND(I53*N53,2) -> #REF! | S53: =+ROUND(I53*O53,2) -> 0 | T53: =+ROUND(I53*P53,2) -> #REF!
A54: 1.A | C54: 28 | D54: 013.E | E54: Şaftlarda İksa Yapılması | H54: m² | I54: 36167 | K54: 3944.25 | L54: =+ROUND(I54*K54,2) -> 1.4265169e+08 | N54: =+#REF! -> #REF! | O54: =+'Yeşil Defter'!L44 -> 0 | P54: =+N54+O54 -> #REF! | R54: =+ROUND(I54*N54,2) -> #REF! | S54: =+ROUND(I54*O54,2) -> 0 | T54: =+ROUND(I54*P54,2) -> #REF!
A55: 1.A | C55: 29 | D55: 013.F | E55: Aç-Kapa Yapılarında İksa Yapılması | H55: m² | I55: 36167 | K55: 920.13 | L55: =+ROUND(I55*K55,2) -> 33278342 | N55: =+#REF! -> #REF! | O55: =+'Yeşil Defter'!L63 -> 0 | P55: =+N55+O55 -> #REF! | R55: =+ROUND(I55*N55,2) -> #REF! | S55: =+ROUND(I55*O55,2) -> 0 | T55: =+ROUND(I55*P55,2) -> #REF!
A56: 1.A | C56: 30 | D56: 014.A | E56: Barbaros İstasyonunun Topraklama Tesisinin Temin ve Yerleştirilmesi | H56: set | I56: 1125000 | K56: 1 | L56: =+ROUND(I56*K56,2) -> 1125000 | N56: =+#REF! -> #REF! | O56: =+'Yeşil Defter'!L64 -> 0 | P56: =+N56+O56 -> #REF! | R56: =+ROUND(I56*N56,2) -> #REF! | S56: =+ROUND(I56*O56,2) -> 0 | T56: =+ROUND(I56*P56,2) -> #REF!
A57: 1.A | C57: 31 | D57: 014.B | E57: Malazgirt İstasyonunun Topraklama Tesisinin Temin ve Yerleştirilmesi | H57: set | I57: 1125000 | K57: 1 | L57: =+ROUND(I57*K57,2) -> 1125000 | N57: =+#REF! -> #REF! | O57: =+'Yeşil Defter'!L65 -> 0 | P57: =+N57+O57 -> #REF! | R57: =+ROUND(I57*N57,2) -> #REF! | S57: =+ROUND(I57*O57,2) -> 0 | T57: =+ROUND(I57*P57,2) -> #REF!
A58: 1.A | C58: 32 | D58: 014.C | E58: Fatih İstasyonunun Topraklama Tesisinin Temin ve Yerleştirilmesi | H58: set | I58: 3000000 | K58: 1 | L58: =+ROUND(I58*K58,2) -> 3000000 | N58: =+#REF! -> #REF! | O58: =+'Yeşil Defter'!L66 -> 0 | P58: =+N58+O58 -> #REF! | R58: =+ROUND(I58*N58,2) -> #REF! | S58: =+ROUND(I58*O58,2) -> 0 | T58: =+ROUND(I58*P58,2) -> #REF!
A59: 1.A | C59: 33 | D59: 014.D | E59: Halkalı Üniversite İstasyonunun Topraklama Tesisinin Temin ve Yerleştirilmesi | H59: set | I59: 2250000 | K59: 1 | L59: =+ROUND(I59*K59,2) -> 2250000 | N59: =+#REF! -> #REF! | O59: =+'Yeşil Defter'!L67 -> 0 | P59: =+N59+O59 -> #REF! | R59: =+ROUND(I59*N59,2) -> #REF! | S59: =+ROUND(I59*O59,2) -> 0 | T59: =+ROUND(I59*P59,2) -> #REF!
A60: 1.A | C60: 34 | D60: 015.A | E60: Barbaros İstasyonu İnşaat Alanının Eski Haline Getirilmesi veya Yeniden Düzenlenmesi İşleri (IS-01) | H60: m² | I60: 2400 | K60: 5500 | L60: =+ROUND(I60*K60,2) -> 13200000 | N60: =+#REF! -> #REF! | O60: =+'Yeşil Defter'!L68 -> 0 | P60: =+N60+O60 -> #REF! | R60: =+ROUND(I60*N60,2) -> #REF! | S60: =+ROUND(I60*O60,2) -> 0 | T60: =+ROUND(I60*P60,2) -> #REF!
A61: 1.A | C61: 35 | D61: 015.B | E61: Malazgirt İstasyonunun İnşaat Alanının Eski Haline Getirilmesi veya Yeniden Düzenlenmesi İşleri (IS-02) | H61: m² | I61: 2400 | K61: 6500 | L61: =+ROUND(I61*K61,2) -> 15600000 | N61: =+#REF! -> #REF! | O61: =+'Yeşil Defter'!L69 -> 0 | P61: =+N61+O61 -> #REF! | R61: =+ROUND(I61*N61,2) -> #REF! | S61: =+ROUND(I61*O61,2) -> 0 | T61: =+ROUND(I61*P61,2) -> #REF!
A62: 1.A | C62: 36 | D62: 015.C | E62: Fatih İstasyonunun İnşaat Alanının Eski Haline Getirilmesi veya Yeniden Düzenlenmesi İşleri (IS-04) | H62: m² | I62: 2400 | K62: 8000 | L62: =+ROUND(I62*K62,2) -> 19200000 | N62: =+#REF! -> #REF! | O62: =+'Yeşil Defter'!L70 -> 0 | P62: =+N62+O62 -> #REF! | R62: =+ROUND(I62*N62,2) -> #REF! | S62: =+ROUND(I62*O62,2) -> 0 | T62: =+ROUND(I62*P62,2) -> #REF!
A63: 1.A | C63: 37 | D63: 015.D | E63: Halkalı Üniversite İstasyonunun İnşaat Alanının Eski Haline Getirilmesi veya Yeniden Düzenlenmesi İşleri (IS-05) | H63: m² | I63: 2400 | K63: 20500 | L63: =+ROUND(I63*K63,2) -> 49200000 | N63: =+#REF! -> #REF! | O63: =+'Yeşil Defter'!L71 -> 0 | P63: =+N63+O63 -> #REF! | R63: =+ROUND(I63*N63,2) -> #REF! | S63: =+ROUND(I63*O63,2) -> 0 | T63: =+ROUND(I63*P63,2) -> #REF!
A64: 1.A | C64: 38 | D64: 016.A | E64: Barbaros İstasyonu İnşaat İşleri Tasarım Hizmetleri | H64: set | I64: 6167886 | K64: 1 | L64: =+ROUND(I64*K64,2) -> 6167886 | N64: =+#REF! -> #REF! | O64: =+'Yeşil Defter'!L72 -> 0 | P64: =+N64+O64 -> #REF! | R64: =+ROUND(I64*N64,2) -> #REF! | S64: =+ROUND(I64*O64,2) -> 0 | T64: =+ROUND(I64*P64,2) -> #REF!
A65: 1.A | C65: 39 | D65: 016.B | E65: Malazgirt İstasyonu İnşaat İşleri Tasarım Hizmetleri | H65: set | I65: 6167886 | K65: 1 | L65: =+ROUND(I65*K65,2) -> 6167886 | N65: 0 | O65: =+'Yeşil Defter'!L73 -> 0 | P65: =+N65+O65 -> 0 | R65: =+ROUND(I65*N65,2) -> 0 | S65: =+ROUND(I65*O65,2) -> 0 | T65: =+ROUND(I65*P65,2) -> 0
A66: 1.A | C66: 40 | D66: 016.C | E66: Mimar Sinan İstasyonu İnşaat İşleri Tasarım Hizmetleri | H66: set | I66: 14017922 | K66: 1 | L66: =+ROUND(I66*K66,2) -> 14017922 | N66: =+#REF! -> #REF! | O66: =+'Yeşil Defter'!L74 -> 0 | P66: =+N66+O66 -> #REF! | R66: =+ROUND(I66*N66,2) -> #REF! | S66: =+ROUND(I66*O66,2) -> 0 | T66: =+ROUND(I66*P66,2) -> #REF!
A67: 1.A | C67: 41 | D67: 016.D | E67: Fatih İstasyonu İnşaat İşleri Tasarım Hizmetleri | H67: set | I67: 14017922 | K67: 1 | L67: =+ROUND(I67*K67,2) -> 14017922 | N67: =+#REF! -> #REF! | O67: =+'Yeşil Defter'!L75 -> 0 | P67: =+N67+O67 -> #REF! | R67: =+ROUND(I67*N67,2) -> #REF! | S67: =+ROUND(I67*O67,2) -> 0 | T67: =+ROUND(I67*P67,2) -> #REF!
A68: 1.A | C68: 42 | D68: 016.E | E68: Halkalı Üniversite İstasyonu İnşaat İşleri Tasarım Hizmetleri | H68: set | I68: 6167886 | K68: 1 | L68: =+ROUND(I68*K68,2) -> 6167886 | N68: =+#REF! -> #REF! | O68: =+'Yeşil Defter'!L76 -> 0 | P68: =+N68+O68 -> #REF! | R68: =+ROUND(I68*N68,2) -> #REF! | S68: =+ROUND(I68*O68,2) -> 0 | T68: =+ROUND(I68*P68,2) -> #REF!
A69: 1.A | C69: 43 | D69: 016.F | E69: Kirazlı- Halkalı Üniversite Kuyruk Tüneli Arası Hat Yapıları İnşaat İşleri Tasarım Hizmetleri | H69: set | I69: 15419714 | K69: 1 | L69: =+ROUND(I69*K69,2) -> 15419714 | N69: =+#REF! -> #REF! | O69: =+'Yeşil Defter'!L77 -> 0 | P69: =+N69+O69 -> #REF! | R69: =+ROUND(I69*N69,2) -> #REF! | S69: =+ROUND(I69*O69,2) -> 0 | T69: =+ROUND(I69*P69,2) -> #REF!
A70: İ | E70: YÜKLENİCİ | H70: DANIŞMAN | N70: İDARE
A71: İ | E71: Kalyon-Özgün Metro İnşaatı Adi Ortaklığı | H71: Yüksel Proje A.Ş. | N71: T.C. İSTANBUL BÜYÜKŞEHİR BELEDİYESİ Raylı Sistem Dairesi Başkanlığı Avrupa Yakası Raylı Sistem Şube Müdürlüğü
A72: İ
A73: İ
A74: İ
A75: İ | H75: Aybüke YEĞEN | K75: Yılmaz SATI | N75: Özkan SAĞIR | P75: Atilla Alkan | S75: Hasan Tecelli TEMÜZ
A76: İ | H76: Hakediş, Mukavele Takip, Kesin Hesap Kontrol Mühendisi | K76: Hakediş, Mukavele Takip, Kesin Hesap Kontrol Mühendisi | N76: İnşaat Kontrol Mühendisi | P76: İnş. Kontrol Mühendisi | S76: İnşaat Kontrol Mühendisi
A77: İ
A78: İ
A79: İ | E79: Kemal YERLİ Proje Müdürü | H79: Orhan KOCA Proje Müdürü | N79: Osman ŞAHİN İnşaat Müdür Yardımcısı
A80: İS
